-- MySQL dump 10.13  Distrib 5.6.26, for Win64 (x86_64)
--
-- Host: localhost    Database: ivotez
-- ------------------------------------------------------
-- Server version	5.6.26-log

/*!40101 SET @OLD_CHARACTER_SET_CLIENT=@@CHARACTER_SET_CLIENT */;
/*!40101 SET @OLD_CHARACTER_SET_RESULTS=@@CHARACTER_SET_RESULTS */;
/*!40101 SET @OLD_COLLATION_CONNECTION=@@COLLATION_CONNECTION */;
/*!40101 SET NAMES utf8 */;
/*!40103 SET @OLD_TIME_ZONE=@@TIME_ZONE */;
/*!40103 SET TIME_ZONE='+00:00' */;
/*!40014 SET @OLD_UNIQUE_CHECKS=@@UNIQUE_CHECKS, UNIQUE_CHECKS=0 */;
/*!40014 SET @OLD_FOREIGN_KEY_CHECKS=@@FOREIGN_KEY_CHECKS, FOREIGN_KEY_CHECKS=0 */;
/*!40101 SET @OLD_SQL_MODE=@@SQL_MODE, SQL_MODE='NO_AUTO_VALUE_ON_ZERO' */;
/*!40111 SET @OLD_SQL_NOTES=@@SQL_NOTES, SQL_NOTES=0 */;

--
-- Table structure for table `candidate`
--

DROP TABLE IF EXISTS `candidate`;
/*!40101 SET @saved_cs_client     = @@character_set_client */;
/*!40101 SET character_set_client = utf8 */;
CREATE TABLE `candidate` (
  `candidate_id` int(11) NOT NULL AUTO_INCREMENT,
  `party_id` int(11) DEFAULT NULL,
  `position_id` int(11) DEFAULT NULL,
  `precinct_id` int(11) DEFAULT NULL,
  `candidate_name` varchar(100) DEFAULT NULL,
  `candidate_political_exp` varchar(1000) DEFAULT NULL,
  `candidate_professional_exp` varchar(1000) DEFAULT NULL,
  `candidate_education_qualifications` varchar(1000) DEFAULT NULL,
  `candidate_motive` varchar(500) DEFAULT NULL,
  `total_fund_raised` varchar(50) DEFAULT NULL,
  `personal_net_worth` varchar(50) DEFAULT NULL,
  `amount_spent` varchar(50) DEFAULT NULL,
  `candidate_email` varchar(100) DEFAULT NULL,
  `candidate_website` varchar(200) DEFAULT NULL,
  `candidate_reg_date` varchar(50) DEFAULT NULL,
  PRIMARY KEY (`candidate_id`)
) ENGINE=InnoDB AUTO_INCREMENT=77 DEFAULT CHARSET=utf8;
/*!40101 SET character_set_client = @saved_cs_client */;

--
-- Dumping data for table `candidate`
--

LOCK TABLES `candidate` WRITE;
/*!40000 ALTER TABLE `candidate` DISABLE KEYS */;
INSERT INTO `candidate` VALUES (1,1,1,13,'Angela Ambroise','Candidate, North Carolina Senate, 1990','Assistant State Attorney, Charlotte City','JD, School of Law, University of Maryland, 1988','Expand ObamaCare, Prioritize Green Energy, Legally require hiring women & minorities, Make voter registration easier, Expand the military','$3.8 Million','$90 Thousand','$3 Million','angela.ambroise7@gmail.com','www.angelaambroise.com','01-03-2015'),(2,1,1,13,'Janeen Bryant','','','','','','','','bryantforcms@gmail.com','www.janeenbryant.com','01-03-2015'),(3,1,1,13,'Larry Bumgarner','','','','','','','','larry@MakeLivesMatter.com','www.larrybumgarner.com','01-03-2015'),(4,2,1,13,'Elyse Dashew','Delegate, Republican Party, 2005, 2007','President, Cambridge Communications, North Carolina, 1992-1996','Attended, Southwestern Baptist Theological Seminary, 1976-1977','Stricter punishment reduces crime, Expand the military, Avoid foreign entanglements','$7.7 Million','$70 Thousand','$2.5 Million','dashewforschoolboard@gmail.com','www.elysedashew.com','01-03-2015'),(5,2,1,13,'Ericka Ellis-Stewart','','','','','','','','ericka4cmsboard@yahoo.com','www.erickaellis-stewart.com','01-03-2015'),(6,2,1,13,'Jeremy Stephenson','','','','','','','','jeremy@stephensonforschoolboard.com','www.jeremystephenson.com','01-03-2015'),(7,2,1,13,'Amelia Stinson-Wesley','','','','','','','','amelia@ameliastinsonwesley.com','www.ameliastinson-wesley.com','01-03-2015'),(8,1,2,12,'Jennifer Roberts','','','','','','','','jennifer@jenniferrobertsformayor.com','www.jenniferroberts.com','01-03-2015'),(9,2,2,12,'Edwin B. Peacock III','','','','','','','','edwin@edwinpeacock.com','www.edwinb.com','01-03-2015'),(10,1,3,12,'Julie Eiselt','','','','','','','','votejulieeiselt@gmail.com','www.julieeiselt.com','01-03-2015'),(11,1,3,12,'Vi Lyles','','','','','','','','votevilyles@gmail.com','www.vilyles.com','01-03-2015'),(12,1,3,12,'James (Smuggie) Mitchell','','','','','','','','votemitchell2015@gmail.com','www.james(smuggie).com','01-03-2015'),(13,2,3,12,'Pablo Carvajal','','','','','','','','pablo4clt@gmail.com','www.pablocarvajal.com','01-03-2015'),(14,2,3,12,'John K. Powell, Jr.','','','','','','','','john@votejohnpowell.org','www.johnk.com','01-03-2015'),(15,2,3,12,'David Michael Rice','','','','','','','','kingdavid28205@gmail.com','www.davidmichael.com','01-03-2015'),(16,1,4,1,'Patsy Kinsey','','','','','','','','pkinsey@charlottenc.gov','www.patsykinsey.com','01-03-2015'),(17,1,4,1,'Al Austin','','','','','','','','alaustinforcitycouncil@gmail.com','www.alaustin.com','01-03-2015'),(18,2,4,2,'Justin Dunn','','','','','','','','justin@votejustindunn.com','www.justindunn.com','01-03-2015'),(19,2,4,2,'Eric Wayne Netter','','','','','','','','ericnetter@gmail.com','www.ericwayne.com','01-03-2015'),(20,1,4,3,'Greg Phipps','','','','','','','','district4phipps@aol.com','www.gregphipps.com','01-03-2015'),(21,2,4,3,'Michael P. O\'Hara','','','','','','','','mike@mikeforcharlotte.com','www.michaelp.com','01-03-2015'),(22,1,4,4,'John Autry','','','','','','','','john@johnautry.net','www.johnautry.com','01-03-2015'),(23,2,4,4,'Kenny Smith','','','','','','','','kennysmithd6@gmail.com','www.kennysmith.com','01-03-2015'),(24,1,4,5,'Chris Turner','','','','','','','','christurnerdistrict7@gmail.com','www.christurner.com','01-03-2015'),(25,2,4,5,'Ed Driggs','','','','','','','','ed@eddriggs.com','www.eddriggs.com','01-03-2015'),(26,1,2,6,'Chuck Travis','','','','','','','','mayorchucktravis@gmail.com','www.chucktravis.com','01-03-2015'),(27,2,2,6,'Dimple Sharma','','','','','','','','dimple@uncc.edu','www.dimplesharma.com','01-03-2015'),(28,2,2,6,'Pinkesh Sharma','','','','','','','','pinkesh@uncc.edu','www.pinkeshsharma.com','01-03-2015'),(29,2,5,6,'Denis P. Bilodeau','','','','','','','','dbilodeau@aquestainsurance.com','www.denisp.com','01-03-2015'),(30,1,5,6,'Jim Duke','','','','','','','','jcdduke@bellsouth.net','www.jimduke.com','01-03-2015'),(31,2,5,6,'Dave Gilroy','','','','','','','','gilroy@scalefinance.com','www.davegilroy.com','01-03-2015'),(32,1,5,6,'Michael (Mike) Miltich','','','','','','','','dr.mike_miltich@aol.com','www.michael(mike).com','01-03-2015'),(33,2,5,6,'J.R. Mount','','','','','','','','jrmount78@yahoo.com','www.jrmount.com','01-03-2015'),(34,1,5,6,'Thurman Ross','','','','','','','','thurmanross@gmail.com','www.thurmanross.com','01-03-2015'),(35,2,5,6,'Woody Washam, Jr.','','','','','','','','washam@bellsouth.net','www.woodywasham.com','01-03-2015'),(36,1,2,7,'John M. Woods','','','','','','','','jwoods@mi-connection.com','www.johnm.com','01-03-2015'),(37,2,2,7,'Sharmi V','','','','','','','','sharmi@uncc.edu','www.sharmiv.com','01-03-2015'),(38,1,5,7,'Stacey M. Anderson','','','','','','','','sanderson@townofdavidson.org','www.staceym.com','01-03-2015'),(39,2,5,7,'Michael V. Angell','','','','','','','','michael.angell67@gmail.com','www.michaelv.com','01-03-2015'),(40,1,5,7,'Beth Cashion','','','','','','','','bethcashion@gmail.com','www.bethcashion.com','01-03-2015'),(41,2,5,7,'Jim Fuller','','','','','','','','jim@mcintoshlawfirm.com','www.jimfuller.com','01-03-2015'),(42,1,5,7,'Rodney Graham','','','','','','','','graham8401@aol.com','www.rodneygraham.com','01-03-2015'),(43,2,5,7,'Brian Jenest','','','','','','','','bjenest@townofdavidson.org','www.brianjenest.com','01-03-2015'),(44,1,2,8,'John Aneralla','','','','','','','','contact@electjohnaneralla.com','www.johnaneralla.com','01-03-2015'),(45,2,2,8,'Jill Swain','','','','','','','','jswainsworld@gmail.com','www.jillswain.com','01-03-2015'),(46,1,5,8,'Melinda Bales','','','','','','','','melinda@melindabales.com','www.melindabales.com','01-03-2015'),(47,2,5,8,'Dan Boone','','','','','','','','danboonenc@aol.com','www.danboone.com','01-03-2015'),(48,1,5,8,'Phil Carey','','','','','','','','phil@philcarey.org','www.philcarey.com','01-03-2015'),(49,2,5,8,'Sharon Eskridge','','','','','','','','sharon@sharoneskridge.com','www.sharoneskridge.com','01-03-2015'),(50,1,5,8,'Mark Gibbons','','','','','','','','electmarkgibbons@gmail.com','www.markgibbons.com','01-03-2015'),(51,2,5,8,'Rob Kidwell','','','','','','','','voterobkidwell@gmail.com','www.robkidwell.com','01-03-2015'),(52,1,5,8,'Sarah R. McAulay','','','','','','','','srmcaulay@aol.com','www.sarahr.com','01-03-2015'),(53,2,5,8,'Jeff Neely','','','','','','','','jeff.neely@ymail.com','www.jeffneely.com','01-03-2015'),(54,1,5,8,'Danny Phillips','','','','','','','','danny@electdannyphillips.com','www.dannyphillips.com','01-03-2015'),(55,2,5,8,'Leonard Richardson III','','','','','','','','richardsoncampaign@gmail.com','www.leonardrichardson.com','01-03-2015'),(56,1,5,8,'Nick Walsh','','','','','','','','nick@votenickwalsh.com','www.nickwalsh.com','01-03-2015'),(57,1,2,9,'Robert Guy Powell III','','','','','','','','','www.robertguy.com','01-03-2015'),(58,2,2,9,'James P. (Jim) Taylor','','','','','','','','jim.taylor@netzero.net','www.jamesp.com','01-03-2015'),(59,1,5,9,'John F. Higdon','','','','','','','','jhigdon@matthewsnc.gov','www.johnf.com','01-03-2015'),(60,2,5,9,'Gina Hoover','','','','','','','','voteginahoover@gmail.com','www.ginahoover.com','01-03-2015'),(61,1,5,9,'Christopher L. Melton','','','','','','','','chris_melton@carolina.rr.com','www.christopherl.com','01-03-2015'),(62,1,5,9,'Jeff A. Miller','','','','','','','','jmiller@matthewsnc.gov','www.jeffa.com','01-03-2015'),(63,2,5,9,'John Ross','','','','','','','','john@votejohnross.com','www.johnross.com','01-03-2015'),(64,1,5,9,'Nobie Thrasher','','','','','','','','kalebandtucker@gmail.com','www.nobiethrasher.com','01-03-2015'),(65,2,5,9,'John Urban','','','','','','','','john@votejohnurban.com','www.johnurban.com','01-03-2015'),(66,1,5,9,'Larry Whitley','','','','','','','','lwwmtmoriah@ncrrbiz.com','www.larrywhitley.com','01-03-2015'),(67,1,2,11,'John (Jack) Edwards','','','','','','','','','www.john(jack).com','01-03-2015'),(68,2,2,11,'Ankit Gujarati','','','','','','','','ankit@uncc.edu','www.ankitgujarati.com','01-03-2015'),(69,1,6,11,'Deborah B. Fowler','','','','','','','','debbiefowler52@gmail.com','www.deborahb.com','01-03-2015'),(70,2,6,11,'L. R. (Les) Gladden','','','','','','','','lgladden@pinevilledsl.net','www.lr.com','01-03-2015'),(71,1,6,11,'John Harless','','','','','','','','johncgh0@hotmail.com','www.johnharless.com','01-03-2015'),(72,2,6,11,'Chris McDonough','','','','','','','','bmw530i@carolina.rr.com','www.chrismcdonough.com','01-03-2015'),(73,1,6,11,'David Phillips','','','','','','','','dphillips@pinevilledsl.net','www.davidphillips.com','01-03-2015'),(74,2,6,11,'Jonathan James Rutkowski','','','','','','','','jjr23us@yahoo.com','www.jonathanjames.com','01-03-2015'),(75,1,6,11,'Judianna Tinklenberg','','','','','','','','judi006@gmail.com','www.judiannatinklenberg.com','01-03-2015'),(76,2,6,11,'Juliet Van Dyke','','','','','','','','julievandyke@aol.com','www.julietvan.com','01-03-2015');
/*!40000 ALTER TABLE `candidate` ENABLE KEYS */;
UNLOCK TABLES;

--
-- Temporary view structure for view `candidate_details`
--

DROP TABLE IF EXISTS `candidate_details`;
/*!50001 DROP VIEW IF EXISTS `candidate_details`*/;
SET @saved_cs_client     = @@character_set_client;
SET character_set_client = utf8;
/*!50001 CREATE VIEW `candidate_details` AS SELECT 
 1 AS `candidate_email`,
 1 AS `candidate_name`,
 1 AS `candidate_political_exp`,
 1 AS `candidate_professional_exp`,
 1 AS `candidate_education_qualifications`,
 1 AS `candidate_motive`,
 1 AS `total_fund_raised`,
 1 AS `personal_net_worth`,
 1 AS `amount_spent`,
 1 AS `party_name`,
 1 AS `position_name`,
 1 AS `precinct_division`,
 1 AS `candidate_website`,
 1 AS `candidate_id`*/;
SET character_set_client = @saved_cs_client;

--
-- Table structure for table `cast_vote`
--

DROP TABLE IF EXISTS `cast_vote`;
/*!40101 SET @saved_cs_client     = @@character_set_client */;
/*!40101 SET character_set_client = utf8 */;
CREATE TABLE `cast_vote` (
  `election_id` int(11) NOT NULL DEFAULT '0',
  `voter_id` int(11) NOT NULL DEFAULT '0',
  `candidate_id` int(11) DEFAULT NULL,
  `position_id` int(11) NOT NULL DEFAULT '0',
  `vote_time` datetime DEFAULT CURRENT_TIMESTAMP,
  PRIMARY KEY (`voter_id`,`position_id`,`election_id`)
) ENGINE=InnoDB DEFAULT CHARSET=utf8;
/*!40101 SET character_set_client = @saved_cs_client */;

--
-- Dumping data for table `cast_vote`
--

LOCK TABLES `cast_vote` WRITE;
/*!40000 ALTER TABLE `cast_vote` DISABLE KEYS */;
INSERT INTO `cast_vote` VALUES (1,1002,1,1,'2015-12-01 10:30:00'),(1,1002,8,2,'2015-12-01 10:30:00'),(1,1002,11,3,'2015-12-01 10:30:00'),(1,1002,17,4,'2015-12-01 10:30:00'),(1,1003,4,1,'2015-12-01 10:30:00'),(1,1003,8,2,'2015-12-01 10:30:00'),(1,1003,12,3,'2015-12-01 10:30:00'),(1,1003,16,4,'2015-12-01 10:30:00'),(1,1004,5,1,'2015-12-01 10:30:00'),(1,1004,8,2,'2015-12-01 10:30:00'),(1,1004,15,3,'2015-12-01 10:30:00'),(1,1004,17,4,'2015-12-01 10:30:00'),(1,1005,6,1,'2015-12-01 10:30:00'),(1,1005,8,2,'2015-12-01 10:30:00'),(1,1005,11,3,'2015-12-01 10:30:00'),(1,1005,16,4,'2015-12-01 10:30:00'),(1,1006,6,1,'2015-12-01 10:30:00'),(1,1006,9,2,'2015-12-01 10:30:00'),(1,1006,10,3,'2015-12-01 10:30:00'),(1,1006,19,4,'2015-12-01 10:30:00'),(1,1007,1,1,'2015-12-01 10:30:00'),(1,1007,9,2,'2015-12-01 10:30:00'),(1,1007,12,3,'2015-12-01 10:30:00'),(1,1007,18,4,'2015-12-01 10:30:00'),(1,1008,4,1,'2015-12-01 10:30:00'),(1,1008,9,2,'2015-12-01 10:30:00'),(1,1008,10,3,'2015-12-01 10:30:00'),(1,1008,18,4,'2015-12-01 10:30:00'),(1,1009,2,1,'2015-12-01 10:30:00'),(1,1009,9,2,'2015-12-01 10:30:00'),(1,1009,12,3,'2015-12-01 10:30:00'),(1,1009,18,4,'2015-12-01 10:30:00'),(1,1010,2,1,'2015-12-01 10:30:00'),(1,1010,8,2,'2015-12-01 10:30:00'),(1,1010,11,3,'2015-12-01 10:30:00'),(1,1010,16,4,'2015-12-01 10:30:00'),(1,1011,6,1,'2015-12-01 10:30:00'),(1,1011,8,2,'2015-12-01 10:30:00'),(1,1011,14,3,'2015-12-01 10:30:00'),(1,1011,19,4,'2015-12-01 10:30:00'),(1,1012,7,1,'2015-12-01 10:30:00'),(1,1012,8,2,'2015-12-01 10:30:00'),(1,1012,12,3,'2015-12-01 10:30:00'),(1,1012,19,4,'2015-12-01 10:30:00'),(1,1014,3,1,'2015-12-01 10:30:00'),(1,1014,9,2,'2015-12-01 10:30:00'),(1,1014,14,3,'2015-12-01 10:30:00'),(1,1014,18,4,'2015-12-01 10:30:00'),(1,1015,4,1,'2015-12-01 10:30:00'),(1,1015,8,2,'2015-12-01 10:30:00'),(1,1015,13,3,'2015-12-01 10:30:00'),(1,1015,19,4,'2015-12-01 10:30:00'),(1,1016,3,1,'2015-12-01 10:30:00'),(1,1016,9,2,'2015-12-01 10:30:00'),(1,1016,12,3,'2015-12-01 10:30:00'),(1,1016,16,4,'2015-12-01 10:30:00'),(1,1017,2,1,'2015-12-01 10:30:00'),(1,1017,9,2,'2015-12-01 10:30:00'),(1,1017,12,3,'2015-12-01 10:30:00'),(1,1017,16,4,'2015-12-01 10:30:00'),(1,1018,5,1,'2015-12-01 10:30:00'),(1,1018,8,2,'2015-12-01 10:30:00'),(1,1018,13,3,'2015-12-01 10:30:00'),(1,1018,20,4,'2015-12-01 10:30:00'),(1,1019,1,1,'2015-12-01 10:30:00'),(1,1019,8,2,'2015-12-01 10:30:00'),(1,1019,10,3,'2015-12-01 10:30:00'),(1,1019,20,4,'2015-12-01 10:30:00'),(1,1020,2,1,'2015-12-01 10:30:00'),(1,1020,9,2,'2015-12-01 10:30:00'),(1,1020,11,3,'2015-12-01 10:30:00'),(1,1020,21,4,'2015-12-01 10:30:00'),(1,1021,1,1,'2015-12-01 10:30:00'),(1,1021,8,2,'2015-12-01 10:30:00'),(1,1021,10,3,'2015-12-01 10:30:00'),(1,1021,18,4,'2015-12-01 10:30:00'),(1,1022,6,1,'2015-12-01 10:30:00'),(1,1022,8,2,'2015-12-01 10:30:00'),(1,1022,14,3,'2015-12-01 10:30:00'),(1,1022,21,4,'2015-12-01 10:30:00'),(1,1023,3,1,'2015-12-01 10:30:00'),(1,1023,8,2,'2015-12-01 10:30:00'),(1,1023,11,3,'2015-12-01 10:30:00'),(1,1023,20,4,'2015-12-01 10:30:00'),(1,1024,2,1,'2015-12-01 10:30:00'),(1,1024,8,2,'2015-12-01 10:30:00'),(1,1024,14,3,'2015-12-01 10:30:00'),(1,1024,16,4,'2015-12-01 10:30:00'),(1,1025,6,1,'2015-12-01 10:30:00'),(1,1025,8,2,'2015-12-01 10:30:00'),(1,1025,12,3,'2015-12-01 10:30:00'),(1,1025,18,4,'2015-12-01 10:30:00'),(1,1026,7,1,'2015-12-01 10:30:00'),(1,1026,9,2,'2015-12-01 10:30:00'),(1,1026,12,3,'2015-12-01 10:30:00'),(1,1026,21,4,'2015-12-01 10:30:00'),(1,1027,7,1,'2015-12-01 10:30:00'),(1,1027,9,2,'2015-12-01 10:30:00'),(1,1027,14,3,'2015-12-01 10:30:00'),(1,1027,20,4,'2015-12-01 10:30:00'),(1,1028,3,1,'2015-12-01 10:30:00'),(1,1028,9,2,'2015-12-01 10:30:00'),(1,1028,12,3,'2015-12-01 10:30:00'),(1,1028,18,4,'2015-12-01 10:30:00'),(1,1029,4,1,'2015-12-01 10:30:00'),(1,1029,9,2,'2015-12-01 10:30:00'),(1,1029,10,3,'2015-12-01 10:30:00'),(1,1029,17,4,'2015-12-01 10:30:00'),(1,1030,7,1,'2015-12-01 10:30:00'),(1,1030,9,2,'2015-12-01 10:30:00'),(1,1030,10,3,'2015-12-01 10:30:00'),(1,1030,19,4,'2015-12-01 10:30:00'),(1,1031,4,1,'2015-12-01 10:30:00'),(1,1031,9,2,'2015-12-01 10:30:00'),(1,1031,13,3,'2015-12-01 10:30:00'),(1,1031,19,4,'2015-12-01 10:30:00'),(1,1032,6,1,'2015-12-01 10:30:00'),(1,1032,8,2,'2015-12-01 10:30:00'),(1,1032,14,3,'2015-12-01 10:30:00'),(1,1032,21,4,'2015-12-01 10:30:00'),(1,1033,5,1,'2015-12-01 10:30:00'),(1,1033,9,2,'2015-12-01 10:30:00'),(1,1033,11,3,'2015-12-01 10:30:00'),(1,1033,18,4,'2015-12-01 10:30:00'),(1,1034,6,1,'2015-12-01 10:30:00'),(1,1034,9,2,'2015-12-01 10:30:00'),(1,1034,12,3,'2015-12-01 10:30:00'),(1,1034,20,4,'2015-12-01 10:30:00'),(1,1035,2,1,'2015-12-01 10:30:00'),(1,1035,8,2,'2015-12-01 10:30:00'),(1,1035,13,3,'2015-12-01 10:30:00'),(1,1035,18,4,'2015-12-01 10:30:00'),(1,1036,5,1,'2015-12-01 10:30:00'),(1,1036,9,2,'2015-12-01 10:30:00'),(1,1036,14,3,'2015-12-01 10:30:00'),(1,1036,17,4,'2015-12-01 10:30:00'),(1,1037,1,1,'2015-12-01 10:30:00'),(1,1037,9,2,'2015-12-01 10:30:00'),(1,1037,13,3,'2015-12-01 10:30:00'),(1,1037,20,4,'2015-12-01 10:30:00'),(1,1038,2,1,'2015-12-01 10:30:00'),(1,1038,8,2,'2015-12-01 10:30:00'),(1,1038,14,3,'2015-12-01 10:30:00'),(1,1038,23,4,'2015-12-01 10:30:00'),(1,1039,7,1,'2015-12-01 10:30:00'),(1,1039,9,2,'2015-12-01 10:30:00'),(1,1039,14,3,'2015-12-01 10:30:00'),(1,1039,21,4,'2015-12-01 10:30:00'),(1,1040,2,1,'2015-12-01 10:30:00'),(1,1040,8,2,'2015-12-01 10:30:00'),(1,1040,10,3,'2015-12-01 10:30:00'),(1,1040,18,4,'2015-12-01 10:30:00'),(1,1041,1,1,'2015-12-01 10:30:00'),(1,1041,8,2,'2015-12-01 10:30:00'),(1,1041,14,3,'2015-12-01 10:30:00'),(1,1041,21,4,'2015-12-01 10:30:00'),(1,1042,5,1,'2015-12-01 10:30:00'),(1,1042,9,2,'2015-12-01 10:30:00'),(1,1042,11,3,'2015-12-01 10:30:00'),(1,1042,20,4,'2015-12-01 10:30:00'),(1,1043,6,1,'2015-12-01 10:30:00'),(1,1043,9,2,'2015-12-01 10:30:00'),(1,1043,11,3,'2015-12-01 10:30:00'),(1,1043,21,4,'2015-12-01 10:30:00'),(1,1044,7,1,'2015-12-01 10:30:00'),(1,1044,9,2,'2015-12-01 10:30:00'),(1,1044,10,3,'2015-12-01 10:30:00'),(1,1044,17,4,'2015-12-01 10:30:00'),(1,1045,1,1,'2015-12-01 10:30:00'),(1,1045,9,2,'2015-12-01 10:30:00'),(1,1045,12,3,'2015-12-01 10:30:00'),(1,1045,23,4,'2015-12-01 10:30:00'),(1,1046,1,1,'2015-12-01 10:30:00'),(1,1046,9,2,'2015-12-01 10:30:00'),(1,1046,15,3,'2015-12-01 10:30:00'),(1,1046,22,4,'2015-12-01 10:30:00'),(1,1047,2,1,'2015-12-01 10:30:00'),(1,1047,9,2,'2015-12-01 10:30:00'),(1,1047,14,3,'2015-12-01 10:30:00'),(1,1047,22,4,'2015-12-01 10:30:00'),(1,1048,3,1,'2015-12-01 10:30:00'),(1,1048,8,2,'2015-12-01 10:30:00'),(1,1048,11,3,'2015-12-01 10:30:00'),(1,1048,22,4,'2015-12-01 10:30:00'),(1,1049,4,1,'2015-12-01 10:30:00'),(1,1049,8,2,'2015-12-01 10:30:00'),(1,1049,14,3,'2015-12-01 10:30:00'),(1,1049,17,4,'2015-12-01 10:30:00'),(1,1050,6,1,'2015-12-01 11:30:00'),(1,1050,8,2,'2015-12-01 11:30:00'),(1,1050,12,3,'2015-12-01 11:30:00'),(1,1050,25,4,'2015-12-01 11:30:00'),(1,1051,3,1,'2015-12-01 11:30:00'),(1,1051,9,2,'2015-12-01 11:30:00'),(1,1051,13,3,'2015-12-01 11:30:00'),(1,1051,24,4,'2015-12-01 11:30:00'),(1,1052,2,1,'2015-12-01 11:30:00'),(1,1052,8,2,'2015-12-01 11:30:00'),(1,1052,15,3,'2015-12-01 11:30:00'),(1,1052,23,4,'2015-12-01 11:30:00'),(1,1053,3,1,'2015-12-01 11:30:00'),(1,1053,8,2,'2015-12-01 11:30:00'),(1,1053,15,3,'2015-12-01 11:30:00'),(1,1053,23,4,'2015-12-01 11:30:00'),(1,1054,7,1,'2015-12-01 11:30:00'),(1,1054,9,2,'2015-12-01 11:30:00'),(1,1054,10,3,'2015-12-01 11:30:00'),(1,1054,23,4,'2015-12-01 11:30:00'),(1,1055,4,1,'2015-12-01 11:30:00'),(1,1055,9,2,'2015-12-01 11:30:00'),(1,1055,11,3,'2015-12-01 11:30:00'),(1,1055,17,4,'2015-12-01 11:30:00'),(1,1056,5,1,'2015-12-01 11:30:00'),(1,1056,9,2,'2015-12-01 11:30:00'),(1,1056,11,3,'2015-12-01 11:30:00'),(1,1056,20,4,'2015-12-01 11:30:00'),(1,1057,2,1,'2015-12-01 11:30:00'),(1,1057,8,2,'2015-12-01 11:30:00'),(1,1057,15,3,'2015-12-01 11:30:00'),(1,1057,16,4,'2015-12-01 11:30:00'),(1,1058,5,1,'2015-12-01 11:30:00'),(1,1058,9,2,'2015-12-01 11:30:00'),(1,1058,11,3,'2015-12-01 11:30:00'),(1,1058,21,4,'2015-12-01 11:30:00'),(1,1059,7,1,'2015-12-01 11:30:00'),(1,1059,8,2,'2015-12-01 11:30:00'),(1,1059,10,3,'2015-12-01 11:30:00'),(1,1059,24,4,'2015-12-01 11:30:00'),(1,1060,7,1,'2015-12-01 11:30:00'),(1,1060,8,2,'2015-12-01 11:30:00'),(1,1060,14,3,'2015-12-01 11:30:00'),(1,1060,23,4,'2015-12-01 11:30:00'),(1,1061,7,1,'2015-12-01 11:30:00'),(1,1061,9,2,'2015-12-01 11:30:00'),(1,1061,13,3,'2015-12-01 11:30:00'),(1,1061,20,4,'2015-12-01 11:30:00'),(1,1062,1,1,'2015-12-01 11:30:00'),(1,1062,9,2,'2015-12-01 11:30:00'),(1,1062,12,3,'2015-12-01 11:30:00'),(1,1062,24,4,'2015-12-01 11:30:00'),(1,1063,6,1,'2015-12-01 11:30:00'),(1,1063,8,2,'2015-12-01 11:30:00'),(1,1063,14,3,'2015-12-01 11:30:00'),(1,1063,17,4,'2015-12-01 11:30:00'),(1,1064,3,1,'2015-12-01 11:30:00'),(1,1064,9,2,'2015-12-01 11:30:00'),(1,1064,12,3,'2015-12-01 11:30:00'),(1,1064,25,4,'2015-12-01 11:30:00'),(1,1065,9,2,'2015-12-01 11:30:00'),(1,1065,13,3,'2015-12-01 11:30:00'),(1,1065,20,4,'2015-12-01 11:30:00'),(1,1066,2,1,'2015-12-01 11:30:00'),(1,1066,9,2,'2015-12-01 11:30:00'),(1,1066,11,3,'2015-12-01 11:30:00'),(1,1066,17,4,'2015-12-01 11:30:00'),(1,1067,2,1,'2015-12-01 11:30:00'),(1,1067,8,2,'2015-12-01 11:30:00'),(1,1067,10,3,'2015-12-01 11:30:00'),(1,1067,23,4,'2015-12-01 11:30:00'),(1,1068,6,1,'2015-12-01 11:30:00'),(1,1068,9,2,'2015-12-01 11:30:00'),(1,1068,11,3,'2015-12-01 11:30:00'),(1,1068,19,4,'2015-12-01 11:30:00'),(1,1069,4,1,'2015-12-01 11:30:00'),(1,1069,9,2,'2015-12-01 11:30:00'),(1,1069,10,3,'2015-12-01 11:30:00'),(1,1069,19,4,'2015-12-01 11:30:00'),(1,1072,1,1,'2015-12-01 11:30:00'),(1,1072,8,2,'2015-12-01 11:30:00'),(1,1072,10,3,'2015-12-01 11:30:00'),(1,1072,16,4,'2015-12-01 11:30:00'),(1,1073,3,1,'2015-12-01 11:30:00'),(1,1073,9,2,'2015-12-01 11:30:00'),(1,1073,14,3,'2015-12-01 11:30:00'),(1,1073,25,4,'2015-12-01 11:30:00'),(1,1074,2,1,'2015-12-01 11:30:00'),(1,1074,8,2,'2015-12-01 11:30:00'),(1,1074,10,3,'2015-12-01 11:30:00'),(1,1074,25,4,'2015-12-01 11:30:00'),(1,1075,4,1,'2015-12-01 11:30:00'),(1,1075,8,2,'2015-12-01 11:30:00'),(1,1075,12,3,'2015-12-01 11:30:00'),(1,1075,22,4,'2015-12-01 11:30:00'),(1,1076,3,1,'2015-12-01 11:30:00'),(1,1076,9,2,'2015-12-01 11:30:00'),(1,1076,13,3,'2015-12-01 11:30:00'),(1,1076,24,4,'2015-12-01 11:30:00'),(1,1077,3,1,'2015-12-01 11:30:00'),(1,1077,8,2,'2015-12-01 11:30:00'),(1,1077,10,3,'2015-12-01 11:30:00'),(1,1077,24,4,'2015-12-01 11:30:00'),(1,1078,4,1,'2015-12-01 11:30:00'),(1,1078,9,2,'2015-12-01 11:30:00'),(1,1078,11,3,'2015-12-01 11:30:00'),(1,1078,20,4,'2015-12-01 11:30:00'),(1,1079,5,1,'2015-12-01 11:30:00'),(1,1079,8,2,'2015-12-01 11:30:00'),(1,1079,13,3,'2015-12-01 11:30:00'),(1,1079,24,4,'2015-12-01 11:30:00'),(1,1080,5,1,'2015-12-01 11:30:00'),(1,1080,9,2,'2015-12-01 11:30:00'),(1,1080,11,3,'2015-12-01 11:30:00'),(1,1080,17,4,'2015-12-01 11:30:00'),(1,1081,3,1,'2015-12-01 11:30:00'),(1,1081,9,2,'2015-12-01 11:30:00'),(1,1081,11,3,'2015-12-01 11:30:00'),(1,1081,22,4,'2015-12-01 11:30:00'),(1,1082,3,1,'2015-12-01 11:30:00'),(1,1082,9,2,'2015-12-01 11:30:00'),(1,1082,13,3,'2015-12-01 11:30:00'),(1,1082,20,4,'2015-12-01 11:30:00'),(1,1083,4,1,'2015-12-01 11:30:00'),(1,1083,8,2,'2015-12-01 11:30:00'),(1,1083,13,3,'2015-12-01 11:30:00'),(1,1083,21,4,'2015-12-01 11:30:00'),(1,1084,6,1,'2015-12-01 11:30:00'),(1,1084,9,2,'2015-12-01 11:30:00'),(1,1084,10,3,'2015-12-01 11:30:00'),(1,1084,22,4,'2015-12-01 11:30:00'),(1,1085,6,1,'2015-12-01 11:30:00'),(1,1085,9,2,'2015-12-01 11:30:00'),(1,1085,11,3,'2015-12-01 11:30:00'),(1,1085,17,4,'2015-12-01 11:30:00'),(1,1086,3,1,'2015-12-01 11:30:00'),(1,1086,9,2,'2015-12-01 11:30:00'),(1,1086,14,3,'2015-12-01 11:30:00'),(1,1086,18,4,'2015-12-01 11:30:00'),(1,1087,7,1,'2015-12-01 11:30:00'),(1,1087,9,2,'2015-12-01 11:30:00'),(1,1087,10,3,'2015-12-01 11:30:00'),(1,1087,20,4,'2015-12-01 11:30:00'),(1,1088,4,1,'2015-12-01 11:30:00'),(1,1088,9,2,'2015-12-01 11:30:00'),(1,1088,14,3,'2015-12-01 11:30:00'),(1,1088,21,4,'2015-12-01 11:30:00'),(1,1089,1,1,'2015-12-01 11:30:00'),(1,1089,8,2,'2015-12-01 11:30:00'),(1,1089,12,3,'2015-12-01 11:30:00'),(1,1089,16,4,'2015-12-01 11:30:00'),(1,1090,1,1,'2015-12-01 11:30:00'),(1,1090,9,2,'2015-12-01 11:30:00'),(1,1090,13,3,'2015-12-01 11:30:00'),(1,1090,22,4,'2015-12-01 11:30:00'),(1,1091,5,1,'2015-12-01 11:30:00'),(1,1091,8,2,'2015-12-01 11:30:00'),(1,1091,12,3,'2015-12-01 11:30:00'),(1,1091,16,4,'2015-12-01 11:30:00'),(1,1092,3,1,'2015-12-01 11:30:00'),(1,1092,9,2,'2015-12-01 11:30:00'),(1,1092,12,3,'2015-12-01 11:30:00'),(1,1092,23,4,'2015-12-01 11:30:00'),(1,1093,2,1,'2015-12-01 11:30:00'),(1,1093,9,2,'2015-12-01 11:30:00'),(1,1093,11,3,'2015-12-01 11:30:00'),(1,1093,17,4,'2015-12-01 11:30:00'),(1,1094,4,1,'2015-12-01 11:30:00'),(1,1094,8,2,'2015-12-01 11:30:00'),(1,1094,13,3,'2015-12-01 11:30:00'),(1,1094,24,4,'2015-12-01 11:30:00'),(1,1095,5,1,'2015-12-01 11:30:00'),(1,1095,9,2,'2015-12-01 11:30:00'),(1,1095,14,3,'2015-12-01 11:30:00'),(1,1095,17,4,'2015-12-01 11:30:00'),(1,1096,1,1,'2015-12-01 11:30:00'),(1,1096,9,2,'2015-12-01 11:30:00'),(1,1096,13,3,'2015-12-01 11:30:00'),(1,1096,18,4,'2015-12-01 11:30:00'),(1,1097,5,1,'2015-12-01 11:30:00'),(1,1097,8,2,'2015-12-01 11:30:00'),(1,1097,14,3,'2015-12-01 11:30:00'),(1,1097,19,4,'2015-12-01 11:30:00'),(1,1098,7,1,'2015-12-01 11:30:00'),(1,1098,8,2,'2015-12-01 11:30:00'),(1,1098,15,3,'2015-12-01 11:30:00'),(1,1098,23,4,'2015-12-01 11:30:00'),(1,1099,5,1,'2015-12-01 11:30:00'),(1,1099,8,2,'2015-12-01 11:30:00'),(1,1099,14,3,'2015-12-01 11:30:00'),(1,1099,17,4,'2015-12-01 11:30:00'),(1,1100,4,1,'2015-12-01 11:30:00'),(1,1100,9,2,'2015-12-01 11:30:00'),(1,1100,15,3,'2015-12-01 11:30:00'),(1,1100,23,4,'2015-12-01 11:30:00'),(1,1101,7,1,'2015-12-01 11:30:00'),(1,1101,8,2,'2015-12-01 11:30:00'),(1,1101,14,3,'2015-12-01 11:30:00'),(1,1101,20,4,'2015-12-01 11:30:00'),(1,1102,2,1,'2015-12-01 11:30:00'),(1,1102,8,2,'2015-12-01 11:30:00'),(1,1102,12,3,'2015-12-01 11:30:00'),(1,1102,20,4,'2015-12-01 11:30:00'),(1,1103,6,1,'2015-12-01 11:30:00'),(1,1103,27,2,'2015-12-01 11:30:00'),(1,1103,33,5,'2015-12-01 11:30:00'),(1,1104,1,1,'2015-12-01 11:30:00'),(1,1104,26,2,'2015-12-01 11:30:00'),(1,1104,31,5,'2015-12-01 11:30:00'),(1,1105,6,1,'2015-12-01 11:30:00'),(1,1105,28,2,'2015-12-01 11:30:00'),(1,1105,30,5,'2015-12-01 11:30:00'),(1,1106,3,1,'2015-12-01 11:30:00'),(1,1106,26,2,'2015-12-01 11:30:00'),(1,1106,34,5,'2015-12-01 11:30:00'),(1,1107,3,1,'2015-12-01 11:30:00'),(1,1107,28,2,'2015-12-01 11:30:00'),(1,1107,31,5,'2015-12-01 11:30:00'),(1,1108,6,1,'2015-12-01 11:30:00'),(1,1108,27,2,'2015-12-01 11:30:00'),(1,1108,29,5,'2015-12-01 11:30:00'),(1,1109,1,1,'2015-12-01 11:30:00'),(1,1109,27,2,'2015-12-01 11:30:00'),(1,1109,30,5,'2015-12-01 11:30:00'),(1,1111,5,1,'2015-12-01 11:30:00'),(1,1111,28,2,'2015-12-01 11:30:00'),(1,1111,35,5,'2015-12-01 11:30:00'),(1,1113,1,1,'2015-12-01 11:30:00'),(1,1113,27,2,'2015-12-01 11:30:00'),(1,1113,32,5,'2015-12-01 11:30:00'),(1,1114,1,1,'2015-12-01 11:30:00'),(1,1114,27,2,'2015-12-01 11:30:00'),(1,1114,29,5,'2015-12-01 11:30:00'),(1,1115,6,1,'2015-12-01 11:30:00'),(1,1115,27,2,'2015-12-01 11:30:00'),(1,1115,33,5,'2015-12-01 11:30:00'),(1,1116,1,1,'2015-12-01 11:30:00'),(1,1116,27,2,'2015-12-01 11:30:00'),(1,1116,32,5,'2015-12-01 11:30:00'),(1,1117,4,1,'2015-12-01 11:30:00'),(1,1117,26,2,'2015-12-01 11:30:00'),(1,1117,33,5,'2015-12-01 11:30:00'),(1,1118,4,1,'2015-12-01 11:30:00'),(1,1118,27,2,'2015-12-01 11:30:00'),(1,1118,30,5,'2015-12-01 11:30:00'),(1,1119,6,1,'2015-12-01 11:30:00'),(1,1119,28,2,'2015-12-01 11:30:00'),(1,1119,31,5,'2015-12-01 11:30:00'),(1,1120,7,1,'2015-12-01 11:30:00'),(1,1120,26,2,'2015-12-01 11:30:00'),(1,1120,33,5,'2015-12-01 11:30:00'),(1,1121,2,1,'2015-12-01 11:30:00'),(1,1121,27,2,'2015-12-01 11:30:00'),(1,1121,35,5,'2015-12-01 11:30:00'),(1,1122,5,1,'2015-12-01 11:30:00'),(1,1122,27,2,'2015-12-01 11:30:00'),(1,1122,33,5,'2015-12-01 11:30:00'),(1,1123,1,1,'2015-12-01 11:30:00'),(1,1123,28,2,'2015-12-01 11:30:00'),(1,1123,35,5,'2015-12-01 11:30:00'),(1,1124,5,1,'2015-12-01 11:30:00'),(1,1124,26,2,'2015-12-01 11:30:00'),(1,1124,29,5,'2015-12-01 11:30:00'),(1,1125,2,1,'2015-12-01 11:30:00'),(1,1125,26,2,'2015-12-01 11:30:00'),(1,1125,32,5,'2015-12-01 11:30:00'),(1,1126,5,1,'2015-12-01 11:30:00'),(1,1126,26,2,'2015-12-01 11:30:00'),(1,1126,35,5,'2015-12-01 11:30:00'),(1,1127,6,1,'2015-12-01 11:30:00'),(1,1127,26,2,'2015-12-01 11:30:00'),(1,1127,35,5,'2015-12-01 11:30:00'),(1,1128,2,1,'2015-12-01 11:30:00'),(1,1128,27,2,'2015-12-01 11:30:00'),(1,1128,34,5,'2015-12-01 11:30:00'),(1,1129,2,1,'2015-12-01 11:30:00'),(1,1129,28,2,'2015-12-01 11:30:00'),(1,1129,31,5,'2015-12-01 11:30:00'),(1,1130,3,1,'2015-12-01 11:30:00'),(1,1130,28,2,'2015-12-01 11:30:00'),(1,1130,33,5,'2015-12-01 11:30:00'),(1,1131,4,1,'2015-12-01 11:30:00'),(1,1131,28,2,'2015-12-01 11:30:00'),(1,1131,31,5,'2015-12-01 11:30:00'),(1,1132,5,1,'2015-12-01 11:30:00'),(1,1132,27,2,'2015-12-01 11:30:00'),(1,1132,31,5,'2015-12-01 11:30:00'),(1,1133,7,1,'2015-12-01 11:30:00'),(1,1133,27,2,'2015-12-01 11:30:00'),(1,1133,35,5,'2015-12-01 11:30:00'),(1,1134,7,1,'2015-12-01 11:30:00'),(1,1134,26,2,'2015-12-01 11:30:00'),(1,1134,31,5,'2015-12-01 11:30:00'),(1,1135,1,1,'2015-12-01 11:30:00'),(1,1135,27,2,'2015-12-01 11:30:00'),(1,1135,35,5,'2015-12-01 11:30:00'),(1,1136,5,1,'2015-12-01 11:30:00'),(1,1136,26,2,'2015-12-01 11:30:00'),(1,1136,30,5,'2015-12-01 11:30:00'),(1,1137,4,1,'2015-12-01 11:30:00'),(1,1137,26,2,'2015-12-01 11:30:00'),(1,1137,31,5,'2015-12-01 11:30:00'),(1,1138,6,1,'2015-12-01 11:30:00'),(1,1138,27,2,'2015-12-01 11:30:00'),(1,1138,33,5,'2015-12-01 11:30:00'),(1,1139,1,1,'2015-12-01 11:30:00'),(1,1139,27,2,'2015-12-01 11:30:00'),(1,1139,35,5,'2015-12-01 11:30:00'),(1,1140,5,1,'2015-12-01 11:30:00'),(1,1140,27,2,'2015-12-01 11:30:00'),(1,1140,33,5,'2015-12-01 11:30:00'),(1,1141,5,1,'2015-12-01 11:30:00'),(1,1141,28,2,'2015-12-01 11:30:00'),(1,1141,29,5,'2015-12-01 11:30:00'),(1,1142,6,1,'2015-12-01 11:30:00'),(1,1142,26,2,'2015-12-01 11:30:00'),(1,1142,34,5,'2015-12-01 11:30:00'),(1,1143,5,1,'2015-12-01 11:30:00'),(1,1143,27,2,'2015-12-01 11:30:00'),(1,1143,31,5,'2015-12-01 11:30:00'),(1,1144,1,1,'2015-12-01 11:30:00'),(1,1144,26,2,'2015-12-01 11:30:00'),(1,1144,30,5,'2015-12-01 11:30:00'),(1,1145,2,1,'2015-12-01 11:30:00'),(1,1145,27,2,'2015-12-01 11:30:00'),(1,1145,31,5,'2015-12-01 11:30:00'),(1,1146,5,1,'2015-12-01 11:30:00'),(1,1146,28,2,'2015-12-01 11:30:00'),(1,1146,32,5,'2015-12-01 11:30:00'),(1,1147,4,1,'2015-12-01 11:30:00'),(1,1147,27,2,'2015-12-01 11:30:00'),(1,1147,33,5,'2015-12-01 11:30:00'),(1,1149,7,1,'2015-12-01 11:30:00'),(1,1149,26,2,'2015-12-01 11:30:00'),(1,1149,30,5,'2015-12-01 11:30:00'),(1,1150,1,1,'2015-12-01 11:30:00'),(1,1150,27,2,'2015-12-01 11:30:00'),(1,1150,34,5,'2015-12-01 11:30:00'),(1,1151,2,1,'2015-12-01 11:30:00'),(1,1151,37,2,'2015-12-01 11:30:00'),(1,1151,38,5,'2015-12-01 11:30:00'),(1,1152,5,1,'2015-12-01 11:30:00'),(1,1152,36,2,'2015-12-01 11:30:00'),(1,1152,41,5,'2015-12-01 11:30:00'),(1,1153,6,1,'2015-12-01 11:30:00'),(1,1153,36,2,'2015-12-01 11:30:00'),(1,1153,39,5,'2015-12-01 11:30:00'),(1,1154,1,1,'2015-12-01 11:30:00'),(1,1154,37,2,'2015-12-01 11:30:00'),(1,1154,40,5,'2015-12-01 11:30:00'),(1,1155,4,1,'2015-12-01 11:30:00'),(1,1155,37,2,'2015-12-01 11:30:00'),(1,1155,40,5,'2015-12-01 11:30:00'),(1,1156,1,1,'2015-12-01 11:30:00'),(1,1156,37,2,'2015-12-01 11:30:00'),(1,1156,41,5,'2015-12-01 11:30:00'),(1,1157,5,1,'2015-12-01 11:30:00'),(1,1157,37,2,'2015-12-01 11:30:00'),(1,1157,40,5,'2015-12-01 11:30:00'),(1,1159,1,1,'2015-12-01 11:30:00'),(1,1159,36,2,'2015-12-01 11:30:00'),(1,1159,40,5,'2015-12-01 11:30:00'),(1,1160,6,1,'2015-12-01 11:30:00'),(1,1160,37,2,'2015-12-01 11:30:00'),(1,1160,39,5,'2015-12-01 11:30:00'),(1,1161,7,1,'2015-12-01 11:30:00'),(1,1161,37,2,'2015-12-01 11:30:00'),(1,1161,40,5,'2015-12-01 11:30:00'),(1,1162,4,1,'2015-12-01 11:30:00'),(1,1162,37,2,'2015-12-01 11:30:00'),(1,1162,39,5,'2015-12-01 11:30:00'),(1,1163,1,1,'2015-12-01 11:30:00'),(1,1163,36,2,'2015-12-01 11:30:00'),(1,1163,41,5,'2015-12-01 11:30:00'),(1,1164,1,1,'2015-12-01 11:30:00'),(1,1164,37,2,'2015-12-01 11:30:00'),(1,1164,40,5,'2015-12-01 11:30:00'),(1,1165,5,1,'2015-12-01 11:30:00'),(1,1165,37,2,'2015-12-01 11:30:00'),(1,1165,40,5,'2015-12-01 11:30:00'),(1,1166,6,1,'2015-12-01 11:30:00'),(1,1166,36,2,'2015-12-01 11:30:00'),(1,1166,39,5,'2015-12-01 11:30:00'),(1,1167,1,1,'2015-12-01 11:30:00'),(1,1167,36,2,'2015-12-01 11:30:00'),(1,1167,40,5,'2015-12-01 11:30:00'),(1,1168,7,1,'2015-12-01 11:30:00'),(1,1168,37,2,'2015-12-01 11:30:00'),(1,1168,40,5,'2015-12-01 11:30:00'),(1,1169,6,1,'2015-12-01 11:30:00'),(1,1169,36,2,'2015-12-01 11:30:00'),(1,1169,39,5,'2015-12-01 11:30:00'),(1,1170,1,1,'2015-12-01 11:30:00'),(1,1170,37,2,'2015-12-01 11:30:00'),(1,1170,39,5,'2015-12-01 11:30:00'),(1,1171,1,1,'2015-12-01 11:30:00'),(1,1171,36,2,'2015-12-01 11:30:00'),(1,1171,41,5,'2015-12-01 11:30:00'),(1,1172,1,1,'2015-12-01 11:30:00'),(1,1172,36,2,'2015-12-01 11:30:00'),(1,1172,38,5,'2015-12-01 11:30:00'),(1,1173,6,1,'2015-12-01 11:30:00'),(1,1173,37,2,'2015-12-01 11:30:00'),(1,1173,42,5,'2015-12-01 11:30:00'),(1,1174,7,1,'2015-12-01 11:30:00'),(1,1174,36,2,'2015-12-01 11:30:00'),(1,1174,40,5,'2015-12-01 11:30:00'),(1,1175,1,1,'2015-12-01 11:30:00'),(1,1175,37,2,'2015-12-01 11:30:00'),(1,1175,39,5,'2015-12-01 11:30:00'),(1,1176,3,1,'2015-12-01 11:30:00'),(1,1176,36,2,'2015-12-01 11:30:00'),(1,1176,42,5,'2015-12-01 11:30:00'),(1,1177,1,1,'2015-12-01 11:30:00'),(1,1177,36,2,'2015-12-01 11:30:00'),(1,1177,38,5,'2015-12-01 11:30:00'),(1,1178,1,1,'2015-12-01 11:30:00'),(1,1178,37,2,'2015-12-01 11:30:00'),(1,1178,40,5,'2015-12-01 11:30:00'),(1,1179,1,1,'2015-12-01 11:30:00'),(1,1179,37,2,'2015-12-01 11:30:00'),(1,1179,40,5,'2015-12-01 11:30:00'),(1,1180,2,1,'2015-12-01 11:30:00'),(1,1180,9,2,'2015-12-01 11:30:00'),(1,1180,13,3,'2015-12-01 11:30:00'),(1,1180,20,4,'2015-12-01 11:30:00'),(1,1181,3,1,'2015-12-01 11:30:00'),(1,1181,45,2,'2015-12-01 11:30:00'),(1,1181,48,5,'2015-12-01 11:30:00'),(1,1182,5,1,'2015-12-01 11:30:00'),(1,1182,45,2,'2015-12-01 11:30:00'),(1,1182,54,5,'2015-12-01 11:30:00'),(1,1183,5,1,'2015-12-01 11:30:00'),(1,1183,45,2,'2015-12-01 11:30:00'),(1,1183,50,5,'2015-12-01 11:30:00'),(1,1184,6,1,'2015-12-01 11:30:00'),(1,1184,44,2,'2015-12-01 11:30:00'),(1,1184,48,5,'2015-12-01 11:30:00'),(1,1185,5,1,'2015-12-01 11:30:00'),(1,1185,45,2,'2015-12-01 11:30:00'),(1,1185,47,5,'2015-12-01 11:30:00'),(1,1187,1,1,'2015-12-01 11:30:00'),(1,1187,45,2,'2015-12-01 11:30:00'),(1,1187,51,5,'2015-12-01 11:30:00'),(1,1188,7,1,'2015-12-01 11:30:00'),(1,1188,45,2,'2015-12-01 11:30:00'),(1,1188,49,5,'2015-12-01 11:30:00'),(1,1189,6,1,'2015-12-01 11:30:00'),(1,1189,45,2,'2015-12-01 11:30:00'),(1,1189,48,5,'2015-12-01 11:30:00'),(1,1190,6,1,'2015-12-01 11:30:00'),(1,1190,45,2,'2015-12-01 11:30:00'),(1,1190,48,5,'2015-12-01 11:30:00'),(1,1191,6,1,'2015-12-01 11:30:00'),(1,1191,44,2,'2015-12-01 11:30:00'),(1,1191,51,5,'2015-12-01 11:30:00'),(1,1192,4,1,'2015-12-01 11:30:00'),(1,1192,45,2,'2015-12-01 11:30:00'),(1,1192,48,5,'2015-12-01 11:30:00'),(1,1193,1,1,'2015-12-01 11:30:00'),(1,1193,45,2,'2015-12-01 11:30:00'),(1,1193,49,5,'2015-12-01 11:30:00'),(1,1195,4,1,'2015-12-01 11:30:00'),(1,1195,45,2,'2015-12-01 11:30:00'),(1,1195,53,5,'2015-12-01 11:30:00'),(1,1196,1,1,'2015-12-01 11:30:00'),(1,1196,44,2,'2015-12-01 11:30:00'),(1,1196,54,5,'2015-12-01 11:30:00'),(1,1197,2,1,'2015-12-01 11:30:00'),(1,1197,45,2,'2015-12-01 11:30:00'),(1,1197,51,5,'2015-12-01 11:30:00'),(1,1198,2,1,'2015-12-01 11:30:00'),(1,1198,44,2,'2015-12-01 11:30:00'),(1,1198,46,5,'2015-12-01 11:30:00'),(1,1199,1,1,'2015-12-01 11:30:00'),(1,1199,44,2,'2015-12-01 11:30:00'),(1,1199,52,5,'2015-12-01 11:30:00'),(1,1200,3,1,'2015-12-01 11:30:00'),(1,1200,45,2,'2015-12-01 11:30:00'),(1,1200,47,5,'2015-12-01 11:30:00'),(1,1201,7,1,'2015-12-01 11:30:00'),(1,1201,44,2,'2015-12-01 11:30:00'),(1,1201,48,5,'2015-12-01 11:30:00'),(1,1202,4,1,'2015-12-01 11:30:00'),(1,1202,45,2,'2015-12-01 11:30:00'),(1,1202,49,5,'2015-12-01 11:30:00'),(1,1203,4,1,'2015-12-01 11:30:00'),(1,1203,45,2,'2015-12-01 11:30:00'),(1,1203,48,5,'2015-12-01 11:30:00'),(1,1204,1,1,'2015-12-01 11:30:00'),(1,1204,44,2,'2015-12-01 11:30:00'),(1,1204,51,5,'2015-12-01 11:30:00'),(1,1205,1,1,'2015-12-01 11:30:00'),(1,1205,45,2,'2015-12-01 11:30:00'),(1,1205,47,5,'2015-12-01 11:30:00'),(1,1206,7,1,'2015-12-01 11:30:00'),(1,1206,44,2,'2015-12-01 11:30:00'),(1,1206,56,5,'2015-12-01 11:30:00'),(1,1207,1,1,'2015-12-01 11:30:00'),(1,1207,45,2,'2015-12-01 11:30:00'),(1,1207,55,5,'2015-12-01 11:30:00'),(1,1208,4,1,'2015-12-01 11:30:00'),(1,1208,44,2,'2015-12-01 11:30:00'),(1,1208,52,5,'2015-12-01 11:30:00'),(1,1209,1,1,'2015-12-01 11:30:00'),(1,1209,45,2,'2015-12-01 11:30:00'),(1,1209,48,5,'2015-12-01 11:30:00'),(1,1210,7,1,'2015-12-01 11:30:00'),(1,1210,44,2,'2015-12-01 11:30:00'),(1,1210,55,5,'2015-12-01 11:30:00'),(1,1211,6,1,'2015-12-01 11:30:00'),(1,1211,45,2,'2015-12-01 11:30:00'),(1,1211,49,5,'2015-12-01 11:30:00'),(1,1212,6,1,'2015-12-01 11:30:00'),(1,1212,45,2,'2015-12-01 11:30:00'),(1,1212,51,5,'2015-12-01 11:30:00'),(1,1213,2,1,'2015-12-01 11:30:00'),(1,1213,44,2,'2015-12-01 11:30:00'),(1,1213,48,5,'2015-12-01 11:30:00'),(1,1214,5,1,'2015-12-01 11:30:00'),(1,1214,45,2,'2015-12-01 11:30:00'),(1,1214,49,5,'2015-12-01 11:30:00'),(1,1215,1,1,'2015-12-01 11:30:00'),(1,1215,44,2,'2015-12-01 11:30:00'),(1,1215,50,5,'2015-12-01 11:30:00'),(1,1216,4,1,'2015-12-01 11:30:00'),(1,1216,45,2,'2015-12-01 11:30:00'),(1,1216,51,5,'2015-12-01 11:30:00'),(1,1217,3,1,'2015-12-01 11:30:00'),(1,1217,45,2,'2015-12-01 11:30:00'),(1,1217,47,5,'2015-12-01 11:30:00'),(1,1218,4,1,'2015-12-01 11:30:00'),(1,1218,45,2,'2015-12-01 11:30:00'),(1,1218,53,5,'2015-12-01 11:30:00'),(1,1219,1,1,'2015-12-01 11:30:00'),(1,1219,44,2,'2015-12-01 11:30:00'),(1,1219,47,5,'2015-12-01 11:30:00'),(1,1221,2,1,'2015-12-01 11:30:00'),(1,1221,45,2,'2015-12-01 11:30:00'),(1,1221,48,5,'2015-12-01 11:30:00'),(1,1222,4,1,'2015-12-01 11:30:00'),(1,1222,45,2,'2015-12-01 11:30:00'),(1,1222,48,5,'2015-12-01 11:30:00'),(1,1223,4,1,'2015-12-01 11:30:00'),(1,1223,45,2,'2015-12-01 11:30:00'),(1,1223,52,5,'2015-12-01 11:30:00'),(1,1224,1,1,'2015-12-01 11:30:00'),(1,1224,45,2,'2015-12-01 11:30:00'),(1,1224,49,5,'2015-12-01 11:30:00'),(1,1225,6,1,'2015-12-01 11:30:00'),(1,1225,45,2,'2015-12-01 11:30:00'),(1,1225,51,5,'2015-12-01 11:30:00'),(1,1226,5,1,'2015-12-01 11:30:00'),(1,1226,58,2,'2015-12-01 11:30:00'),(1,1226,62,5,'2015-12-01 11:30:00'),(1,1227,1,1,'2015-12-01 11:30:00'),(1,1227,58,2,'2015-12-01 11:30:00'),(1,1227,64,5,'2015-12-01 11:30:00'),(1,1228,7,1,'2015-12-01 11:30:00'),(1,1228,57,2,'2015-12-01 11:30:00'),(1,1228,60,5,'2015-12-01 11:30:00'),(1,1229,1,1,'2015-12-01 11:30:00'),(1,1229,58,2,'2015-12-01 11:30:00'),(1,1229,63,5,'2015-12-01 11:30:00'),(1,1230,3,1,'2015-12-01 11:30:00'),(1,1230,57,2,'2015-12-01 11:30:00'),(1,1230,63,5,'2015-12-01 11:30:00'),(1,1231,1,1,'2015-12-01 11:30:00'),(1,1231,58,2,'2015-12-01 11:30:00'),(1,1231,61,5,'2015-12-01 11:30:00'),(1,1232,2,1,'2015-12-01 11:30:00'),(1,1232,58,2,'2015-12-01 11:30:00'),(1,1232,62,5,'2015-12-01 11:30:00'),(1,1233,5,1,'2015-12-01 11:30:00'),(1,1233,58,2,'2015-12-01 11:30:00'),(1,1233,60,5,'2015-12-01 11:30:00'),(1,1234,4,1,'2015-12-01 11:30:00'),(1,1234,58,2,'2015-12-01 11:30:00'),(1,1234,64,5,'2015-12-01 11:30:00'),(1,1235,4,1,'2015-12-01 11:30:00'),(1,1235,58,2,'2015-12-01 11:30:00'),(1,1235,63,5,'2015-12-01 11:30:00'),(1,1236,6,1,'2015-12-01 11:30:00'),(1,1236,57,2,'2015-12-01 11:30:00'),(1,1236,64,5,'2015-12-01 11:30:00'),(1,1237,7,1,'2015-12-01 11:30:00'),(1,1237,58,2,'2015-12-01 11:30:00'),(1,1237,59,5,'2015-12-01 11:30:00'),(1,1238,6,1,'2015-12-01 11:30:00'),(1,1238,57,2,'2015-12-01 11:30:00'),(1,1238,62,5,'2015-12-01 11:30:00'),(1,1239,3,1,'2015-12-01 11:30:00'),(1,1239,58,2,'2015-12-01 11:30:00'),(1,1239,60,5,'2015-12-01 11:30:00'),(1,1240,1,1,'2015-12-01 11:30:00'),(1,1240,58,2,'2015-12-01 11:30:00'),(1,1240,62,5,'2015-12-01 11:30:00'),(1,1241,2,1,'2015-12-01 11:30:00'),(1,1241,57,2,'2015-12-01 11:30:00'),(1,1241,60,5,'2015-12-01 11:30:00'),(1,1242,2,1,'2015-12-01 11:30:00'),(1,1242,58,2,'2015-12-01 11:30:00'),(1,1242,65,5,'2015-12-01 11:30:00'),(1,1243,3,1,'2015-12-01 11:30:00'),(1,1243,58,2,'2015-12-01 11:30:00'),(1,1243,64,5,'2015-12-01 11:30:00'),(1,1244,3,1,'2015-12-01 11:30:00'),(1,1244,58,2,'2015-12-01 11:30:00'),(1,1244,63,5,'2015-12-01 11:30:00'),(1,1245,7,1,'2015-12-01 11:30:00'),(1,1245,58,2,'2015-12-01 11:30:00'),(1,1245,63,5,'2015-12-01 11:30:00'),(1,1246,2,1,'2015-12-01 11:30:00'),(1,1246,58,2,'2015-12-01 11:30:00'),(1,1246,62,5,'2015-12-01 11:30:00'),(1,1247,7,1,'2015-12-01 11:30:00'),(1,1247,57,2,'2015-12-01 11:30:00'),(1,1247,66,5,'2015-12-01 11:30:00'),(1,1248,7,1,'2015-12-01 11:30:00'),(1,1248,58,2,'2015-12-01 11:30:00'),(1,1248,63,5,'2015-12-01 11:30:00'),(1,1249,1,1,'2015-12-01 11:30:00'),(1,1249,58,2,'2015-12-01 11:30:00'),(1,1249,60,5,'2015-12-01 11:30:00'),(1,1250,7,1,'2015-12-01 11:30:00'),(1,1250,58,2,'2015-12-01 11:30:00'),(1,1250,64,5,'2015-12-01 11:30:00'),(1,1251,6,1,'2015-12-01 11:30:00'),(1,1251,58,2,'2015-12-01 11:30:00'),(1,1251,63,5,'2015-12-01 11:30:00'),(1,1252,2,1,'2015-12-01 11:30:00'),(1,1252,58,2,'2015-12-01 11:30:00'),(1,1252,60,5,'2015-12-01 11:30:00'),(1,1253,6,1,'2015-12-01 11:30:00'),(1,1253,58,2,'2015-12-01 11:30:00'),(1,1253,62,5,'2015-12-01 11:30:00'),(1,1254,7,1,'2015-12-01 11:30:00'),(1,1254,58,2,'2015-12-01 11:30:00'),(1,1254,59,5,'2015-12-01 11:30:00'),(1,1255,2,1,'2015-12-01 11:30:00'),(1,1255,58,2,'2015-12-01 11:30:00'),(1,1255,62,5,'2015-12-01 11:30:00'),(1,1256,1,1,'2015-12-01 11:30:00'),(1,1256,58,2,'2015-12-01 11:30:00'),(1,1256,61,5,'2015-12-01 11:30:00'),(1,1257,7,1,'2015-12-01 11:30:00'),(1,1257,58,2,'2015-12-01 11:30:00'),(1,1257,62,5,'2015-12-01 11:30:00'),(1,1258,2,1,'2015-12-01 11:30:00'),(1,1258,58,2,'2015-12-01 11:30:00'),(1,1258,61,5,'2015-12-01 11:30:00'),(1,1259,2,1,'2015-12-01 11:30:00'),(1,1259,57,2,'2015-12-01 11:30:00'),(1,1259,60,5,'2015-12-01 11:30:00'),(1,1261,6,1,'2015-12-01 11:30:00'),(1,1261,58,2,'2015-12-01 11:30:00'),(1,1261,63,5,'2015-12-01 11:30:00'),(1,1262,5,1,'2015-12-01 11:30:00'),(1,1262,58,2,'2015-12-01 11:30:00'),(1,1262,62,5,'2015-12-01 11:30:00'),(1,1263,6,1,'2015-12-01 11:30:00'),(1,1263,58,2,'2015-12-01 11:30:00'),(1,1263,63,5,'2015-12-01 11:30:00'),(1,1264,3,1,'2015-12-01 11:30:00'),(1,1264,58,2,'2015-12-01 11:30:00'),(1,1264,63,5,'2015-12-01 11:30:00'),(1,1265,5,1,'2015-12-01 11:30:00'),(1,1265,57,2,'2015-12-01 11:30:00'),(1,1265,65,5,'2015-12-01 11:30:00'),(1,1266,7,1,'2015-12-01 11:30:00'),(1,1266,58,2,'2015-12-01 11:30:00'),(1,1266,64,5,'2015-12-01 11:30:00'),(1,1267,2,1,'2015-12-01 11:30:00'),(1,1267,57,2,'2015-12-01 11:30:00'),(1,1267,64,5,'2015-12-01 11:30:00'),(1,1268,5,1,'2015-12-01 11:30:00'),(1,1268,57,2,'2015-12-01 11:30:00'),(1,1268,63,5,'2015-12-01 11:30:00'),(1,1269,1,1,'2015-12-01 11:30:00'),(1,1269,58,2,'2015-12-01 11:30:00'),(1,1269,65,5,'2015-12-01 11:30:00'),(1,1270,4,1,'2015-12-01 11:30:00'),(1,1270,57,2,'2015-12-01 11:30:00'),(1,1270,64,5,'2015-12-01 11:30:00'),(1,1271,1,1,'2015-12-01 11:30:00'),(1,1271,58,2,'2015-12-01 11:30:00'),(1,1271,62,5,'2015-12-01 11:30:00'),(1,1272,4,1,'2015-12-01 11:30:00'),(1,1272,57,2,'2015-12-01 11:30:00'),(1,1272,64,5,'2015-12-01 11:30:00'),(1,1273,4,1,'2015-12-01 11:30:00'),(1,1273,57,2,'2015-12-01 11:30:00'),(1,1273,64,5,'2015-12-01 11:30:00'),(1,1274,2,1,'2015-12-01 11:30:00'),(1,1274,58,2,'2015-12-01 11:30:00'),(1,1274,61,5,'2015-12-01 11:30:00'),(1,1275,1,1,'2015-12-01 11:30:00'),(1,1275,57,2,'2015-12-01 11:30:00'),(1,1275,62,5,'2015-12-01 11:30:00'),(1,1276,2,1,'2015-12-01 11:30:00'),(1,1277,2,1,'2015-12-01 11:30:00'),(1,1278,5,1,'2015-12-01 11:30:00'),(1,1279,4,1,'2015-12-01 11:30:00'),(1,1280,1,1,'2015-12-01 11:30:00'),(1,1281,1,1,'2015-12-01 11:30:00'),(1,1281,8,2,'2015-12-01 11:30:00'),(1,1281,11,3,'2015-12-01 11:30:00'),(1,1281,21,4,'2015-12-01 11:30:00'),(1,1282,1,1,'2015-12-01 11:30:00'),(1,1282,9,2,'2015-12-01 11:30:00'),(1,1282,15,3,'2015-12-01 11:30:00'),(1,1282,25,4,'2015-12-01 11:30:00'),(1,1284,4,1,'2015-12-01 11:30:00'),(1,1284,9,2,'2015-12-01 11:30:00'),(1,1284,13,3,'2015-12-01 11:30:00'),(1,1284,18,4,'2015-12-01 11:30:00'),(1,1285,2,1,'2015-12-01 11:30:00'),(1,1285,8,2,'2015-12-01 11:30:00'),(1,1285,14,3,'2015-12-01 11:30:00'),(1,1285,24,4,'2015-12-01 11:30:00'),(1,1286,6,1,'2015-12-01 11:30:00'),(1,1286,9,2,'2015-12-01 11:30:00'),(1,1286,15,3,'2015-12-01 11:30:00'),(1,1286,19,4,'2015-12-01 11:30:00'),(1,1287,5,1,'2015-12-01 11:30:00'),(1,1287,8,2,'2015-12-01 11:30:00'),(1,1287,14,3,'2015-12-01 11:30:00'),(1,1287,19,4,'2015-12-01 11:30:00'),(1,1288,3,1,'2015-12-01 11:30:00'),(1,1288,8,2,'2015-12-01 11:30:00'),(1,1288,15,3,'2015-12-01 11:30:00'),(1,1288,18,4,'2015-12-01 11:30:00'),(1,1289,7,1,'2015-12-01 11:30:00'),(1,1289,8,2,'2015-12-01 11:30:00'),(1,1289,12,3,'2015-12-01 11:30:00'),(1,1289,24,4,'2015-12-01 11:30:00'),(1,1290,7,1,'2015-12-01 11:30:00'),(1,1290,9,2,'2015-12-01 11:30:00'),(1,1290,12,3,'2015-12-01 11:30:00'),(1,1290,25,4,'2015-12-01 11:30:00'),(1,1291,6,1,'2015-12-01 11:30:00'),(1,1291,9,2,'2015-12-01 11:30:00'),(1,1291,12,3,'2015-12-01 11:30:00'),(1,1291,25,4,'2015-12-01 11:30:00'),(1,1292,1,1,'2015-12-01 11:30:00'),(1,1292,68,2,'2015-12-01 11:30:00'),(1,1292,73,6,'2015-12-01 11:30:00'),(1,1293,4,1,'2015-12-01 11:30:00'),(1,1293,68,2,'2015-12-01 11:30:00'),(1,1293,71,6,'2015-12-01 11:30:00'),(1,1294,5,1,'2015-12-01 11:30:00'),(1,1294,67,2,'2015-12-01 11:30:00'),(1,1294,72,6,'2015-12-01 11:30:00'),(1,1295,6,1,'2015-12-01 11:30:00'),(1,1295,67,2,'2015-12-01 11:30:00'),(1,1295,72,6,'2015-12-01 11:30:00'),(1,1296,7,1,'2015-12-01 11:30:00'),(1,1296,67,2,'2015-12-01 11:30:00'),(1,1296,74,6,'2015-12-01 11:30:00'),(1,1297,3,1,'2015-12-01 11:30:00'),(1,1297,68,2,'2015-12-01 11:30:00'),(1,1297,72,6,'2015-12-01 11:30:00'),(1,1298,6,1,'2015-12-01 11:30:00'),(1,1298,67,2,'2015-12-01 11:30:00'),(1,1298,72,6,'2015-12-01 11:30:00'),(1,1299,5,1,'2015-12-01 11:30:00'),(1,1299,67,2,'2015-12-01 11:30:00'),(1,1299,71,6,'2015-12-01 11:30:00'),(1,1301,4,1,'2015-12-01 10:30:00'),(1,1301,68,2,'2015-12-01 10:30:00'),(1,1301,69,6,'2015-12-01 10:30:00'),(1,1302,6,1,'2015-12-01 12:30:00'),(1,1302,68,2,'2015-12-01 12:30:00'),(1,1302,73,6,'2015-12-01 12:30:00'),(1,1303,7,1,'2015-12-01 12:30:00'),(1,1303,68,2,'2015-12-01 12:30:00'),(1,1303,74,6,'2015-12-01 12:30:00'),(1,1304,4,1,'2015-12-01 12:30:00'),(1,1304,68,2,'2015-12-01 12:30:00'),(1,1304,73,6,'2015-12-01 12:30:00'),(1,1305,1,1,'2015-12-01 12:30:00'),(1,1305,68,2,'2015-12-01 12:30:00'),(1,1305,73,6,'2015-12-01 12:30:00'),(1,1306,1,1,'2015-12-01 12:30:00'),(1,1306,68,2,'2015-12-01 12:30:00'),(1,1306,74,6,'2015-12-01 12:30:00'),(1,1307,6,1,'2015-12-01 12:30:00'),(1,1307,68,2,'2015-12-01 12:30:00'),(1,1307,70,6,'2015-12-01 12:30:00'),(1,1308,7,1,'2015-12-01 12:30:00'),(1,1308,68,2,'2015-12-01 12:30:00'),(1,1308,73,6,'2015-12-01 12:30:00'),(1,1309,2,1,'2015-12-01 12:30:00'),(1,1309,68,2,'2015-12-01 12:30:00'),(1,1309,70,6,'2015-12-01 12:30:00'),(1,1310,4,1,'2015-12-01 12:30:00'),(1,1310,68,2,'2015-12-01 12:30:00'),(1,1310,69,6,'2015-12-01 12:30:00');
/*!40000 ALTER TABLE `cast_vote` ENABLE KEYS */;
UNLOCK TABLES;

--
-- Table structure for table `date1`
--

DROP TABLE IF EXISTS `date1`;
/*!40101 SET @saved_cs_client     = @@character_set_client */;
/*!40101 SET character_set_client = utf8 */;
CREATE TABLE `date1` (
  `test` date DEFAULT NULL
) ENGINE=InnoDB DEFAULT CHARSET=utf8;
/*!40101 SET character_set_client = @saved_cs_client */;

--
-- Dumping data for table `date1`
--

LOCK TABLES `date1` WRITE;
/*!40000 ALTER TABLE `date1` DISABLE KEYS */;
INSERT INTO `date1` VALUES ('2015-10-10');
/*!40000 ALTER TABLE `date1` ENABLE KEYS */;
UNLOCK TABLES;

--
-- Table structure for table `election`
--

DROP TABLE IF EXISTS `election`;
/*!40101 SET @saved_cs_client     = @@character_set_client */;
/*!40101 SET character_set_client = utf8 */;
CREATE TABLE `election` (
  `elec_id` int(11) DEFAULT NULL,
  `elec_date` date DEFAULT NULL,
  `elec_start_time` varchar(50) DEFAULT NULL,
  `elec_end_time` varchar(50) DEFAULT NULL,
  `elec_year` int(11) DEFAULT NULL
) ENGINE=InnoDB DEFAULT CHARSET=utf8;
/*!40101 SET character_set_client = @saved_cs_client */;

--
-- Dumping data for table `election`
--

LOCK TABLES `election` WRITE;
/*!40000 ALTER TABLE `election` DISABLE KEYS */;
INSERT INTO `election` VALUES (1,'2015-12-03','8 AM','8 PM',2015);
/*!40000 ALTER TABLE `election` ENABLE KEYS */;
UNLOCK TABLES;

--
-- Temporary view structure for view `election_vote_result`
--

DROP TABLE IF EXISTS `election_vote_result`;
/*!50001 DROP VIEW IF EXISTS `election_vote_result`*/;
SET @saved_cs_client     = @@character_set_client;
SET character_set_client = utf8;
/*!50001 CREATE VIEW `election_vote_result` AS SELECT 
 1 AS `candidate_name`,
 1 AS `position_name`,
 1 AS `party_name`,
 1 AS `position_id`,
 1 AS `precinct_id`,
 1 AS `precinct_division`,
 1 AS `pos_pre`,
 1 AS `vote_count`*/;
SET character_set_client = @saved_cs_client;

--
-- Table structure for table `party`
--

DROP TABLE IF EXISTS `party`;
/*!40101 SET @saved_cs_client     = @@character_set_client */;
/*!40101 SET character_set_client = utf8 */;
CREATE TABLE `party` (
  `party_id` int(11) NOT NULL,
  `party_name` varchar(50) DEFAULT NULL,
  `Party_logo` varchar(50) DEFAULT NULL,
  `party_motive` varchar(50) DEFAULT NULL,
  `party_website` varchar(50) DEFAULT NULL,
  `founded_in` varchar(50) DEFAULT NULL,
  `color` varchar(50) DEFAULT NULL,
  PRIMARY KEY (`party_id`)
) ENGINE=InnoDB DEFAULT CHARSET=utf8;
/*!40101 SET character_set_client = @saved_cs_client */;

--
-- Dumping data for table `party`
--

LOCK TABLES `party` WRITE;
/*!40000 ALTER TABLE `party` DISABLE KEYS */;
INSERT INTO `party` VALUES (1,'Democratic','donkey.jpg','Liberalism, Progressivism, Social liberalism','www.democrats.org','1824','Blue'),(2,'Republican','elephant.jpg','Conservatism, Economic and Social conservatism','www.gop.com','1854','Red');
/*!40000 ALTER TABLE `party` ENABLE KEYS */;
UNLOCK TABLES;

--
-- Table structure for table `position_info`
--

DROP TABLE IF EXISTS `position_info`;
/*!40101 SET @saved_cs_client     = @@character_set_client */;
/*!40101 SET character_set_client = utf8 */;
CREATE TABLE `position_info` (
  `position_id` int(11) DEFAULT NULL,
  `position_name` varchar(100) DEFAULT NULL,
  `position_years` int(11) DEFAULT NULL,
  `position_seat` int(11) DEFAULT NULL
) ENGINE=InnoDB DEFAULT CHARSET=utf8;
/*!40101 SET character_set_client = @saved_cs_client */;

--
-- Dumping data for table `position_info`
--

LOCK TABLES `position_info` WRITE;
/*!40000 ALTER TABLE `position_info` DISABLE KEYS */;
INSERT INTO `position_info` VALUES (1,'Board of Education At Large',2,1),(2,'Mayor',2,1),(3,'Charlotte City Council At Large',2,4),(4,'Charlotte City Council At District',2,1),(5,'Board of Commissioners',2,5),(6,'Town Council',2,4);
/*!40000 ALTER TABLE `position_info` ENABLE KEYS */;
UNLOCK TABLES;

--
-- Table structure for table `precinct`
--

DROP TABLE IF EXISTS `precinct`;
/*!40101 SET @saved_cs_client     = @@character_set_client */;
/*!40101 SET character_set_client = utf8 */;
CREATE TABLE `precinct` (
  `precinct_id` int(11) NOT NULL AUTO_INCREMENT,
  `precinct_division` varchar(20) DEFAULT NULL,
  `precinct_city` varchar(20) DEFAULT NULL,
  `precinct_state` varchar(20) DEFAULT NULL,
  PRIMARY KEY (`precinct_id`)
) ENGINE=InnoDB AUTO_INCREMENT=14 DEFAULT CHARSET=utf8;
/*!40101 SET character_set_client = @saved_cs_client */;

--
-- Dumping data for table `precinct`
--

LOCK TABLES `precinct` WRITE;
/*!40000 ALTER TABLE `precinct` DISABLE KEYS */;
INSERT INTO `precinct` VALUES (1,'District 1','Charlotte','NC'),(2,'District 2','Charlotte','NC'),(3,'District 3','Charlotte','NC'),(4,'District 4','Charlotte','NC'),(5,'District 5','Charlotte','NC'),(6,'Cornelius','Cornelius','NC'),(7,'Davidson','Davidson','NC'),(8,'Huntersville','Huntersville','NC'),(9,'Matthews','Matthews','NC'),(10,'Midland','Midland','NC'),(11,'Pineville','Pineville','NC'),(12,'Charlotte','Charlotte','NC'),(13,'At Large','','NC');
/*!40000 ALTER TABLE `precinct` ENABLE KEYS */;
UNLOCK TABLES;

--
-- Temporary view structure for view `prof_expec`
--

DROP TABLE IF EXISTS `prof_expec`;
/*!50001 DROP VIEW IF EXISTS `prof_expec`*/;
SET @saved_cs_client     = @@character_set_client;
SET character_set_client = utf8;
/*!50001 CREATE VIEW `prof_expec` AS SELECT 
 1 AS `user_profession`,
 1 AS `expectation`,
 1 AS `count_expectation`*/;
SET character_set_client = @saved_cs_client;

--
-- Table structure for table `user`
--

DROP TABLE IF EXISTS `user`;
/*!40101 SET @saved_cs_client     = @@character_set_client */;
/*!40101 SET character_set_client = utf8 */;
CREATE TABLE `user` (
  `user_id` int(11) NOT NULL AUTO_INCREMENT,
  `password` varchar(50) DEFAULT NULL,
  `SSN` int(11) DEFAULT NULL,
  `first_name` varchar(50) DEFAULT NULL,
  `last_name` varchar(50) DEFAULT NULL,
  `middle_name` varchar(50) DEFAULT NULL,
  `age` int(11) DEFAULT NULL,
  `gender` varchar(50) DEFAULT NULL,
  `precinct_id` int(11) DEFAULT NULL,
  `street_address` varchar(300) DEFAULT NULL,
  `city` varchar(50) DEFAULT NULL,
  `state` varchar(50) DEFAULT NULL,
  `zip_code` int(11) DEFAULT NULL,
  `country` varchar(50) DEFAULT NULL,
  `race` varchar(50) DEFAULT NULL,
  `period_of_stay` varchar(50) DEFAULT NULL,
  `user_email` varchar(50) DEFAULT NULL,
  `user_profession` varchar(50) DEFAULT NULL,
  PRIMARY KEY (`user_id`)
) ENGINE=InnoDB AUTO_INCREMENT=322 DEFAULT CHARSET=utf8;
/*!40101 SET character_set_client = @saved_cs_client */;

--
-- Dumping data for table `user`
--

LOCK TABLES `user` WRITE;
/*!40000 ALTER TABLE `user` DISABLE KEYS */;
INSERT INTO `user` VALUES (1,'test123',4620,'Katelyn','Noel','Miller',26,'F',1,'9629 Covedale Dr','Charlotte','NC',28270,'','W','Y','test123@gmail.com','Student'),(2,'test124',5144,'Matthew','Stewart','Hollowell',45,'M',1,'2128 Kirkwood Ave','Charlotte','NC',28203,'','W','Y','test124@gmail.com','Doctor'),(3,'test125',2346,'Richard','','Cuebas Ramirez',43,'M',1,'11155 Foxhaven Dr','Charlotte','NC',28277,'','O','Y','test125@gmail.com','professor'),(4,'test126',6552,'Agitu','','Tesfaye',34,'F',1,'2506 Whitehall Estates Dr # V','Charlotte','NC',28273,'','O','Y','test126@gmail.com','Doctor'),(5,'test127',1381,'Marilyn','White','Smalls',60,'F',1,'10126 Barrands Ln','Charlotte','NC',28278,'','B','Y','test127@gmail.com','Student'),(6,'test128',7025,'Eileen','M','Pope',55,'F',2,'7734 Abbotsinch Ct','Charlotte','NC',28269,'','W','Y','test128@gmail.com','Engineer'),(7,'test129',1329,'John','H','Fenlon',70,'M',2,'5913 Graburn\'S Ford Dr','Charlotte','NC',28269,'','W','Y','test129@gmail.com','Doctor'),(8,'test130',2441,'Scott','Robert','Byers',33,'M',2,'333 W Trade St # 2702','Charlotte','NC',28202,'','W','Y','test130@gmail.com','cops'),(9,'test131',2464,'Hanson','John','Pedersen',39,'M',2,'9028 Meadowmont View Dr','Charlotte','NC',28269,'','W','Y','test131@gmail.com','professor'),(10,'test132',7770,'Michael','','Munley',55,'M',1,'11721 Pine Valley Club Dr','Charlotte','NC',28277,'','W','Y','test132@gmail.com','Student'),(11,'test133',2458,'Rachel','Jones','Mccrory',29,'F',2,'1716 Pecan Ave','Charlotte','NC',28205,'','W','Y','test133@gmail.com','Student'),(12,'test134',6127,'Judith','Greene','Ross',50,'F',2,'1435 Lilac Rd','Charlotte','NC',28209,'','W','Y','test134@gmail.com','Doctor'),(13,'test135',7254,'Catherine','Elizabeth','Matthews',43,'F',1,'10215 Triangle Park Rd','Charlotte','NC',28277,'','W','N','test135@gmail.com','Engineer'),(14,'test136',6283,'James','Keith','Eichelberger',42,'M',2,'3900 Nevin Rd','Charlotte','NC',28269,'','B','Y','test136@gmail.com','Engineer'),(15,'test137',6565,'Peter','','Sanford',43,'M',2,'6621 Northridge Village Dr','Charlotte','NC',28213,'','B','Y','test137@gmail.com','cops'),(16,'test138',8800,'Alexandre','Jaymes','Dewalt',21,'M',1,'17220 Georgian Hall Dr','Charlotte','NC',28277,'','B','Y','test138@gmail.com','Student'),(17,'test139',4778,'Artis','Alphonso','Kitchen',56,'M',1,'11234 Foxhaven Dr','Charlotte','NC',28277,'','B','Y','test139@gmail.com','Student'),(18,'test140',7735,'Lawarren','Cameron','Greene',29,'U',3,'6506 Palo Alto Ln','Charlotte','NC',28227,'','U','Y','test140@gmail.com','Student'),(19,'test141',5980,'Frank','Patrick','Carpenter',64,'M',3,'1007 Norwich Rd','Charlotte','NC',28227,'','W','Y','test141@gmail.com','Agriculturist'),(20,'test142',8839,'Charissa','Diane','Olson',50,'F',3,'9532 Grove Side Ln # 1212','Charlotte','NC',28262,'','W','Y','test142@gmail.com','Engineer'),(21,'test143',4498,'Roberta','Ayfua','Thomas',45,'F',2,'1943 Eastway Dr # A','Charlotte','NC',28205,'','B','Y','test143@gmail.com','Engineer'),(22,'test144',9374,'Margaret','S','Kidd',83,'F',3,'4128 Wilson Ln','Charlotte','NC',28206,'','W','Y','test144@gmail.com','cops'),(23,'test145',1895,'Alanna','Laurette','Foster',47,'F',3,'8220 Christmas Ct','Charlotte','NC',28216,'','B','Y','test145@gmail.com','Engineer'),(24,'test146',2842,'Craig','S','Moore',54,'M',1,'3217 Allenwood Rd','Charlotte','NC',28270,'','B','Y','test146@gmail.com','Student'),(25,'test147',2790,'Alexis','','Alexander',36,'F',2,'9306 University City Blvd # 8','Charlotte','NC',28213,'','B','Y','test147@gmail.com','Student'),(26,'test148',5719,'Jean','A','Griffing',74,'F',3,'5210 Tedorill Ln','Charlotte','NC',28226,'','W','Y','test148@gmail.com','Student'),(27,'test149',2150,'Janice','Paula','Davies',62,'F',3,'7319 Sheffingdell Dr','Charlotte','NC',28226,'','W','Y','test149@gmail.com','Engineer'),(28,'test150',6480,'Joanna','Louise','Gammon',32,'F',2,'1000 E Woodlawn Rd # 401','Charlotte','NC',28209,'','W','Y','test150@gmail.com','Student'),(29,'test151',8572,'Aliyander','P','Rajurs',77,'M',1,'10510 Old Ardrey Kell Rd','Charlotte','NC',28277,'','O','Y','test151@gmail.com','Engineer'),(30,'test152',4651,'Annette','','Harper',53,'F',2,'4903 Central Ave # 4','Charlotte','NC',28205,'','B','Y','test152@gmail.com','Doctor'),(31,'test153',2547,'Jesse','Pike','Schaudies',33,'M',2,'2604 Park Rd # C','Charlotte','NC',28209,'','W','Y','test153@gmail.com','Student'),(32,'test154',2017,'James','P','Jarjabka',67,'M',3,'12325 Rock Canyon Dr','Charlotte','NC',28226,'','W','Y','test154@gmail.com','Student'),(33,'test155',7896,'Alma','J','Smith',74,'F',2,'2828 Georgia Ave','Charlotte','NC',28205,'','W','Y','test155@gmail.com','Student'),(34,'test156',4764,'Joanne','','Bellamy',55,'F',3,'2004 Craigmore Dr','Charlotte','NC',28226,'','W','Y','test156@gmail.com','Student'),(35,'test157',2796,'Charles','West','Pond',26,'M',2,'8210 Ridge Cliff Dr # I','Charlotte','NC',28269,'','W','Y','test157@gmail.com','Doctor'),(36,'test158',6264,'Christine','','Millner',69,'F',1,'13215 Steelecroft Pkwy # 202','Charlotte','NC',28278,'','B','Y','test158@gmail.com','Engineer'),(37,'test159',7305,'Brittney','','Robertson',27,'F',3,'Jcsu Upo 223','Charlotte','NC',28216,'','B','Y','test159@gmail.com','Student'),(38,'test160',4019,'Michael','T','Menhart',53,'M',4,'10115 Summer House Ct','Charlotte','NC',28210,'','W','N','test160@gmail.com','Student'),(39,'test161',3420,'Spencer','Andre','Mahoney',32,'M',3,'7405 Corinth Ct','Charlotte','NC',28227,'','B','Y','test161@gmail.com','Student'),(40,'test162',4676,'Kai','Nixon','Wells',24,'F',2,'909 Woodside Ave','Charlotte','NC',28205,'','B','Y','test162@gmail.com','Agriculturist'),(41,'test163',1056,'Tiffany','Danielle','Lightsey',23,'F',3,'408 E 17Th St','Charlotte','NC',28206,'','B','Y','test163@gmail.com','Student'),(42,'test164',9731,'Kelsey','Nicole','Duncan',23,'F',3,'8441 Ashley Hill Ct # J','Charlotte','NC',28262,'','W','Y','test164@gmail.com','Engineer'),(43,'test165',4981,'Thomas','Lamont','Jones',32,'M',3,'932 Polk St','Charlotte','NC',28206,'','B','Y','test165@gmail.com','Engineer'),(44,'test166',6962,'Joseph','J','Scherger',61,'M',1,'7806 Snowden Ln','Charlotte','NC',28270,'','W','Y','test166@gmail.com','Engineer'),(45,'test167',6444,'Mary','C','Smith',39,'F',4,'2716 Briarcliff Pl','Charlotte','NC',28207,'','W','Y','test167@gmail.com','Engineer'),(46,'test168',9028,'Elaine','','Young',54,'F',4,'524 Stegall St','Charlotte','NC',28217,'','B','Y','test168@gmail.com','Engineer'),(47,'test169',7175,'Skyelar','Tewan','Nelson',32,'M',4,'5765 Cedars East Ct # 5','Charlotte','NC',28212,'','B','Y','test169@gmail.com','Engineer'),(48,'test170',9152,'Marchelle','S','Stacey',52,'F',4,'4834 Tanglebriar Dr','Charlotte','NC',28208,'','B','Y','test170@gmail.com','Doctor'),(49,'test171',7715,'Kusumben','Nimeskchandra','Patel',75,'F',1,'13400 Cassington Ct','Charlotte','NC',28273,'','A','Y','test171@gmail.com','Student'),(50,'test172',2437,'Julie','Alyssa','Dominey',26,'F',5,'808 Hawthorne Ln # 547','Charlotte','NC',28204,'','W','Y','test172@gmail.com','Student'),(51,'test173',4161,'Elizabeth','Ann','Nesbitt',58,'F',5,'9207 River Walk Way # 296','Charlotte','NC',28214,'','W','Y','test173@gmail.com','Nurse'),(52,'test174',4490,'Steveon','Raynard','Stowe',53,'M',4,'5931 Reddman Rd # 9','Charlotte','NC',28212,'','B','Y','test174@gmail.com','Student'),(53,'test175',4242,'William','B','Voight',81,'M',4,'3841 Ashton Dr','Charlotte','NC',28210,'','W','Y','test175@gmail.com','Engineer'),(54,'test176',9756,'Pyxa','','Vongxay',73,'M',4,'5134 Pinebrook Dr','Charlotte','NC',28208,'','O','Y','test176@gmail.com','Doctor'),(55,'test177',8344,'Barrie','Francis','Gemmer',69,'F',1,'17410 Meadow Bottom Rd','Charlotte','NC',28277,'','W','Y','test177@gmail.com','Doctor'),(56,'test178',7844,'Eric','David','Bober',33,'M',3,'6820 Poppy Hills Ln # 1124','Charlotte','NC',28226,'','W','Y','test178@gmail.com','Student'),(57,'test179',2083,'Kenya','Marie','Johnson',24,'F',1,'5602 Stowe Derby Dr','Charlotte','NC',28278,'','B','Y','test179@gmail.com','Nurse'),(58,'test180',2960,'Renee','','Holmes',39,'F',3,'13520 Mallard Lake Rd','Charlotte','NC',28262,'','B','Y','test180@gmail.com','Engineer'),(59,'test181',6392,'Ahmad','Rashad','Blakeney',37,'M',5,'4114 Birch Leaf Ct','Charlotte','NC',28215,'','B','Y','test181@gmail.com','cops'),(60,'test182',1089,'Karla','Marie','Brown',28,'F',4,'2700 Creekbed Ln','Charlotte','NC',28210,'','W','Y','test182@gmail.com','Student'),(61,'test183',4988,'Timothy','Augustus','Humphrey',38,'M',3,'2431 Double Oaks Rd','Charlotte','NC',28206,'','B','Y','test183@gmail.com','Engineer'),(62,'test184',2120,'Honey','G','Hartley',69,'F',5,'5626 Langley Cir','Charlotte','NC',28215,'','W','Y','test184@gmail.com','Engineer'),(63,'test185',6909,'Amber','Imani','Harris',19,'F',1,'2506 Whitehall Estates Dr # U','Charlotte','NC',28273,'','B','Y','test185@gmail.com','professor'),(64,'test186',5397,'Brianna','Quamae','Berry',22,'F',5,'109-R Oak Hall Unc Charlotte','Charlotte','NC',28223,'','B','Y','test186@gmail.com','Engineer'),(65,'test187',1393,'Johnny','Sylvester','Covington',27,'M',3,'5411 Peachwood Dr','Charlotte','NC',28216,'','B','Y','test187@gmail.com','professor'),(66,'test188',8624,'Stephanie','Shannon','Purgason',38,'F',1,'12705 Cumberland Cove Dr','Charlotte','NC',28273,'','W','Y','test188@gmail.com','Agriculturist'),(67,'test189',1241,'Carl','B','Hunt',51,'M',4,'5821 Hunting Ridge Ln # B','Charlotte','NC',28212,'','B','Y','test189@gmail.com','cops'),(68,'test190',9462,'Deborah','L','Harbison',66,'F',2,'10009 Crayton Dr','Charlotte','NC',28269,'','W','Y','test190@gmail.com','Student'),(69,'test191',5531,'Connie','E','Williams',53,'F',2,'1216 Log Cabin Rd','Charlotte','NC',28213,'','B','Y','test191@gmail.com','Engineer'),(70,'test192',5983,'Mauricio','Fabian','Bayas',21,'M',1,'2209 Yager Creek Dr # K','Charlotte','NC',28273,'','U','Y','test192@gmail.com','Engineer'),(71,'test193',9527,'Jonathan','','Macedo-Lopez',20,'M',2,'5710 Orr Rd # 9','Charlotte','NC',28213,'','O','Y','test193@gmail.com','professor'),(72,'test194',9312,'Courtney','Lynnette','Porter',26,'F',1,'16213 Raptor Ct','Charlotte','NC',28278,'','B','Y','test194@gmail.com','Doctor'),(73,'test195',2230,'James','Grubbs','Martin',55,'M',5,'713 Sebrena Pl','Charlotte','NC',28211,'','W','Y','test195@gmail.com','Student'),(74,'test196',1183,'Dianna','L','Green',67,'F',5,'435 Louise Ave','Charlotte','NC',28204,'','W','Y','test196@gmail.com','professor'),(75,'test197',2336,'Donald','M','Brown',55,'M',4,'2802 Candleberry Ct','Charlotte','NC',28210,'','W','Y','test197@gmail.com','Student'),(76,'test198',8276,'Bonita','Denise','Nance',55,'F',5,'7115 Tall Tree Ln','Charlotte','NC',28214,'','B','Y','test198@gmail.com','Student'),(77,'test199',8951,'Wendy','C','Hackworth',49,'F',5,'2311 Overhill Rd','Charlotte','NC',28211,'','W','Y','test199@gmail.com','cops'),(78,'test200',7209,'Latoya','S','Withers',27,'F',3,'1312 Crandon Dr','Charlotte','NC',28216,'','B','Y','test200@gmail.com','Student'),(79,'test201',5466,'Keysha','Marie','Morales Cadiz',27,'F',5,'2830 Cartesian Dr','Charlotte','NC',28214,'','O','Y','test201@gmail.com','Student'),(80,'test202',4842,'Monica','Jeree','Hester',38,'F',1,'7601 Ritter Dr','Charlotte','NC',28270,'','B','Y','test202@gmail.com','Engineer'),(81,'test203',4614,'Mary','B','Thigpen',45,'F',4,'2535 Sherwood Ave','Charlotte','NC',28207,'','W','Y','test203@gmail.com','cops'),(82,'test204',8717,'Eileen','M','Bannerman',50,'F',3,'10003 Edward\'S Pl','Mint Hill','NC',28227,'','W','Y','test204@gmail.com','Student'),(83,'test205',3015,'Robert','Belknap','Dienst',75,'M',3,'6635 Gaywind Dr','Charlotte','NC',28226,'','W','Y','test205@gmail.com','Nurse'),(84,'test206',8728,'Deshon','Lawrence','Hughes',35,'M',4,'2008 El Verano Cir # G','Charlotte','NC',28210,'','B','Y','test206@gmail.com','Student'),(85,'test207',3392,'Mary','T','Hammond',70,'F',1,'13025 Sledge Rd','Charlotte','NC',28278,'','W','Y','test207@gmail.com','Engineer'),(86,'test208',6903,'Pamela','Heath','Saunders',60,'F',2,'3604 St Andrews Homes Pl # C','Charlotte','NC',28205,'','W','Y','test208@gmail.com','Student'),(87,'test209',2313,'Jeffrey','Joseph','Price',33,'M',3,'6726 Vlosi Dr','Charlotte','NC',28226,'','W','Y','test209@gmail.com','Engineer'),(88,'test210',7601,'Charles','','Grant',66,'M',3,'5611 Linda Vista Ln','Charlotte','NC',28216,'','B','Y','test210@gmail.com','Student'),(89,'test211',9419,'Victoria','M','Walters',47,'F',1,'11238 Peppertree Ln','Charlotte','NC',28277,'','W','Y','test211@gmail.com','Student'),(90,'test212',8960,'Mitchel','','Tyson',82,'M',4,'4020 Fieldcrest Rd','Charlotte','NC',28217,'','B','Y','test212@gmail.com','Engineer'),(91,'test213',1171,'Jennifer','Allison','Porter',39,'F',1,'9714 Cotton Stand Rd','Charlotte','NC',28277,'','W','Y','test213@gmail.com','Student'),(92,'test214',2537,'Jarrett','Evan','Brown',29,'M',4,'5011 Cherrycrest Ln # N','Charlotte','NC',28217,'','W','Y','test214@gmail.com','Agriculturist'),(93,'test215',6021,'Grecia','Shirley','Villanueva',25,'F',1,'15606 Normans Landing Dr','Charlotte','NC',28273,'','O','Y','test215@gmail.com','Doctor'),(94,'test216',9910,'Jacobian','Elijah','Acosta',20,'M',5,'6109 Delham Dr','Charlotte','NC',28215,'','B','Y','test216@gmail.com','cops'),(95,'test217',8467,'Lauren','H','Wicker',35,'F',1,'8324 Indigo Row','Charlotte','NC',28277,'','W','Y','test217@gmail.com','Agriculturist'),(96,'test218',6712,'James','Edwards','Daniels',33,'M',2,'10114 Pintail Pl # 108','Charlotte','NC',28269,'','B','Y','test218@gmail.com','Student'),(97,'test219',7212,'Harrison','K','Hoskins',40,'M',2,'2630 Shenandoah Ave','Charlotte','NC',28205,'','W','Y','test219@gmail.com','cops'),(98,'test220',5831,'Phyllis','Diane','Moore',30,'F',4,'221 S Summit Ave','Charlotte','NC',28208,'','B','Y','test220@gmail.com','Student'),(99,'test221',2745,'Bobbie','C','Mcclain',81,'F',1,'7310 Captain Neal Ln','Charlotte','NC',28273,'','W','Y','test221@gmail.com','Engineer'),(100,'test222',4885,'Sadiqa','','Reid',38,'F',4,'7103 Rockwood Forest Ln','Charlotte','NC',28212,'','B','Y','test222@gmail.com','cops'),(101,'test223',3649,'Jenna','Nicole','Whitt',21,'F',3,'7541 University Station','Charlotte','SC',28262,'','W','Y','test223@gmail.com','Nurse'),(102,'test224',5717,'Brittany','Renee','Boyd',23,'F',3,'576 Anson Dr','Charlotte','SC',28262,'','B','Y','test224@gmail.com','Engineer'),(103,'test225',5027,'Eugene','','Shiu',24,'M',6,'9165 Glenashley Dr','Cornelius','NC',28031,'','A','Y','test225@gmail.com','Student'),(104,'test226',5312,'Teresa','Mills','Bolin',35,'F',6,'9157 Washam Potts Rd','Cornelius','NC',28031,'','W','Y','test226@gmail.com','Engineer'),(105,'test227',4362,'Desiree','Marie','Dalton',24,'F',6,'20427 Marblehead Ct','Cornelius','NC',28031,'','W','Y','test227@gmail.com','cops'),(106,'test228',2365,'James','S','Hunter',86,'M',6,'19330 Beaufain St','Cornelius','NC',28031,'','W','Y','test228@gmail.com','Student'),(107,'test229',2455,'Stephanie','','Porter',46,'F',6,'20618 Queensdale Dr','Cornelius','NC',28031,'','W','Y','test229@gmail.com','Doctor'),(108,'test230',4930,'Jacob','Wade','Parker',24,'M',6,'15540 Crossing Gate Dr','Cornelius','NC',28031,'','W','Y','test230@gmail.com','cops'),(109,'test231',1859,'Edward','Pritchard','Tenney',76,'M',6,'8623 Westmoreland Rd','Cornelius','NC',28031,'','W','Y','test231@gmail.com','Engineer'),(110,'test232',1722,'Anderson','Douglas','Bowers',23,'M',6,'19827 Henderson Rd # H','Cornelius','NC',28031,'','W','Y','test232@gmail.com','Nurse'),(111,'test233',3604,'Barbara','Gertrud','Sabo',80,'F',6,'18726 Nautical Dr # 301','Cornelius','NC',28031,'','W','Y','test233@gmail.com','Student'),(112,'test234',8718,'Mirela','Onorica','Popa',45,'F',6,'21315 Baltic Dr','Cornelius','NC',28031,'','W','Y','test234@gmail.com','Doctor'),(113,'test235',9487,'Thomas','Edward','Tracey',26,'M',6,'20428 Willow Pond Rd','Cornelius','NC',28031,'','W','Y','test235@gmail.com','professor'),(114,'test236',7766,'Joseph','Anthony','Bailey',38,'M',6,'19707 Valiant Way','Cornelius','NC',28031,'','W','Y','test236@gmail.com','Engineer'),(115,'test237',8594,'Walter','Marion','Weddle',63,'M',6,'19317 Yachtman Dr','Cornelius','NC',28031,'','W','Y','test237@gmail.com','Agriculturist'),(116,'test238',6317,'Regina','Coeli','Reardon',57,'F',6,'21124 Cold Spring Ln','Cornelius','NC',28031,'','O','Y','test238@gmail.com','Student'),(117,'test239',3578,'Tyona','Lyn','Brackett',36,'F',6,'18001 Delmas Dr # 1A','Cornelius','NC',28031,'','W','Y','test239@gmail.com','Nurse'),(118,'test240',1082,'Thomas','Henry','Snyder',68,'M',6,'7529 Mariner Cove Dr','Cornelius','NC',28031,'','W','Y','test240@gmail.com','Doctor'),(119,'test241',4916,'Nancy','W','Alexander',77,'F',6,'17401 Springwinds Dr','Cornelius','NC',28031,'','W','Y','test241@gmail.com','Student'),(120,'test242',8911,'Stephen','John','Siggins',45,'M',6,'20207 Wave Ct','Cornelius','NC',28031,'','W','Y','test242@gmail.com','cops'),(121,'test243',5550,'Marie','Margaret','Centro',72,'F',6,'21255 Hickory St','Cornelius','NC',28031,'','W','Y','test243@gmail.com','Engineer'),(122,'test244',1867,'Julie','G','Roach',45,'F',6,'20407 Havenview Dr','Cornelius','NC',28031,'','W','Y','test244@gmail.com','Doctor'),(123,'test245',5848,'Brian','John','Fox',66,'M',6,'19213 Hidden Cove Ln','Cornelius','NC',28031,'','W','Y','test245@gmail.com','Student'),(124,'test246',7936,'Tricia','Negri','Sokolowski',42,'F',6,'19207 Coachman\'S Trace','Cornelius','NC',28031,'','O','Y','test246@gmail.com','Student'),(125,'test247',4932,'Teresa','A','Martin',68,'F',6,'21711 Shoveller Ct','Cornelius','NC',28031,'','W','Y','test247@gmail.com','professor'),(126,'test248',8862,'John','Francis','Pendergast',45,'M',6,'20132 Amy Lee Dr','Cornelius','NC',28031,'','W','Y','test248@gmail.com','Doctor'),(127,'test249',1480,'Martin','Garry','Hodgins',26,'M',6,'18712 John Connor Rd','Cornelius','NC',28031,'','W','Y','test249@gmail.com','Agriculturist'),(128,'test250',3270,'Maren','Tallent','Werts',27,'F',6,'10301 Carriage Ct','Cornelius','NC',28031,'','W','Y','test250@gmail.com','Student'),(129,'test251',8318,'Frederick','John','Heck',55,'M',6,'20211 Rainbow Cir','Cornelius','NC',28031,'','W','Y','test251@gmail.com','Student'),(130,'test252',9760,'Marie','A','Reynolds',80,'F',6,'20525 Willow Pond Rd','Cornelius','NC',28031,'','W','Y','test252@gmail.com','Engineer'),(131,'test253',9967,'Renee','Marie','Fritz',25,'F',6,'21236 Blakely Shores Dr','Cornelius','NC',28031,'','W','Y','test253@gmail.com','Student'),(132,'test254',3614,'Karen','S','Donovan',57,'F',6,'18833 Victoria Bay Dr','Cornelius','NC',28031,'','W','Y','test254@gmail.com','Engineer'),(133,'test255',8603,'Donald','Carlton','Works',32,'M',6,'21729 Torrence Chapel Rd','Cornelius','NC',28031,'','U','Y','test255@gmail.com','Agriculturist'),(134,'test256',3099,'Gentry','Barnett','Landman',43,'F',6,'19812 Floral Ln','Cornelius','NC',28031,'','W','Y','test256@gmail.com','Student'),(135,'test257',9519,'Kitty','Christine','Philips',69,'F',6,'20221 Middletown Rd','Cornelius','NC',28031,'','W','Y','test257@gmail.com','Agriculturist'),(136,'test258',9132,'Randolph','Elliott','Fox',66,'M',6,'9301 Magnolia Estates Dr','Cornelius','NC',28031,'','W','Y','test258@gmail.com','professor'),(137,'test259',9620,'Linda','Gail','Tracey',50,'F',6,'20428 Willow Pond Rd','Cornelius','NC',28031,'','W','Y','test259@gmail.com','Student'),(138,'test260',8174,'Gina','M','Nichols',46,'F',6,'21210 Baltic Dr','Cornelius','NC',28031,'','W','Y','test260@gmail.com','Student'),(139,'test261',7343,'De\'Mon','Bajaia','Brooks',23,'M',6,'19215 Chandler\'S Landing Dr # 105','Cornelius','NC',28031,'','B','Y','test261@gmail.com','Agriculturist'),(140,'test262',9039,'Tereasa','Prather','Sieving',64,'F',6,'20441 Harbor View Dr','Cornelius','NC',28031,'','W','Y','test262@gmail.com','professor'),(141,'test263',1078,'Eugene','Francis','Shapert',71,'M',6,'18440 Neville Ave','Cornelius','NC',28031,'','W','Y','test263@gmail.com','Student'),(142,'test264',2481,'Tommy','Konstantinos','Holevas',23,'M',6,'17430 West Catawba Ave','Cornelius','NC',28031,'','W','Y','test264@gmail.com','Doctor'),(143,'test265',1244,'Randy','M','Beasley',58,'M',6,'16802 Flying Jib Rd','Cornelius','NC',28031,'','W','Y','test265@gmail.com','Student'),(144,'test266',4901,'Steven','Emory','Helms',38,'M',6,'10208 Danesway Ln','Cornelius','NC',28031,'','W','Y','test266@gmail.com','Student'),(145,'test267',9076,'John','Joseph','Gialluisi',29,'M',6,'19701 Valiant Way','Cornelius','NC',28031,'','W','Y','test267@gmail.com','Student'),(146,'test268',7192,'Van','Edward','Snowdon',60,'M',6,'18503 Vineyard Point Ln','Cornelius','NC',28031,'','W','Y','test268@gmail.com','Student'),(147,'test269',2960,'Wendy','Mayer','Roberts',62,'F',6,'19611 Schooner Dr','Cornelius','NC',28031,'','W','Y','test269@gmail.com','Student'),(148,'test270',9496,'Janis','Elizabeth','Pellino',62,'F',6,'21620 Colina Dr','Cornelius','NC',28031,'','W','Y','test270@gmail.com','Student'),(149,'test271',6227,'Alan','Charles','Simonini',19,'M',6,'17224 Connor Quay Ct','Cornelius','NC',28031,'','W','Y','test271@gmail.com','Engineer'),(150,'test272',7884,'Shane','Michael','Paterniti',28,'M',6,'19510 One Norman Blvd # Bb','Cornelius','NC',28031,'','W','Y','test272@gmail.com','Student'),(151,'test273',7899,'Rita','Wright','Silver',46,'F',7,'Po Box 538','Davidson','NC',28036,'','W','Y','test273@gmail.com','Agriculturist'),(152,'test274',5971,'Susan','Yuvonne','Jones',68,'F',7,'1025 Southwest Dr','Davidson','NC',28036,'','W','Y','test274@gmail.com','Student'),(153,'test275',1049,'Bryan','Douglas','Hall',56,'M',7,'839 Beaty St # 2C','Davidson','NC',28036,'','B','Y','test275@gmail.com','professor'),(154,'test276',9125,'Sevaughn','','Carter',21,'M',7,'209 Ridge Rd','Davidson','NC',28035,'','U','Y','test276@gmail.com','Student'),(155,'test277',4457,'Carrie','Lynn','Pace',61,'F',7,'Po Box 4407','Davidson','NC',28036,'','W','Y','test277@gmail.com','Student'),(156,'test278',5735,'Bengt','Lennart','Wiktorin',62,'M',7,'12900 Westmoreland Farm Rd','Davidson','NC',28036,'','W','Y','test278@gmail.com','professor'),(157,'test279',7154,'Patricia','Gayle','Otto',61,'F',7,'825 Lake Park Dr # 201','Davidson','NC',28036,'','W','Y','test279@gmail.com','Student'),(158,'test280',8345,'Behanzin','Ricardo','Callinder',23,'M',7,'Box 5541','Davidson','NC',28035,'','B','Y','test280@gmail.com','Student'),(159,'test281',7742,'Rondol','Eugene','Eagle',69,'M',7,'11706 Bradford Park Dr','Davidson','NC',28036,'','W','Y','test281@gmail.com','Student'),(160,'test282',9951,'Jean','O','Cunningham',60,'F',7,'P O Box 1745','Davidson','NC',28036,'','W','Y','test282@gmail.com','Engineer'),(161,'test283',9840,'William','S','Sullivan',57,'M',7,'18717 Cannon Crossing Way','Davidson','NC',28036,'','W','Y','test283@gmail.com','Doctor'),(162,'test284',8362,'Martha','M','Lawrence',52,'F',7,'18426 River Ford Dr','Davidson','NC',28036,'','W','Y','test284@gmail.com','Agriculturist'),(163,'test285',2326,'Montyne','Hatfield','Winokur',73,'F',7,'18529 Carnegie Overlook Blvd','Davidson','NC',28036,'','W','Y','test285@gmail.com','Student'),(164,'test286',7968,'Mary','Heald','Thornberry',72,'F',7,'P O Box 1676','Davidson','NC',28036,'','W','Y','test286@gmail.com','Nurse'),(165,'test287',8187,'Mary','Margaret','Anderson',47,'F',7,'17908 Page\'S Pond Ct','Davidson','NC',28036,'','W','Y','test287@gmail.com','Student'),(166,'test288',8152,'Gary','Norman','Froehlich',74,'M',7,'714 Northeast Dr # 46','Davidson','NC',28036,'','W','Y','test288@gmail.com','Engineer'),(167,'test289',6928,'Lauren','Kennedy','Brannon',19,'F',7,'16836 Summers Walk Blvd','Davidson','NC',28036,'','B','Y','test289@gmail.com','Agriculturist'),(168,'test290',4140,'Shatoiya','Jamie','Mccann',25,'F',7,'Po Box 5781','Davidson','NC',28035,'','B','Y','test290@gmail.com','Engineer'),(169,'test291',8336,'Earnest','S','Gray',52,'M',7,'14550 June Washam Rd','Davidson','NC',28036,'','W','Y','test291@gmail.com','Student'),(170,'test292',9503,'Connor','Ryan','Spiro',24,'M',7,'921 Northeast Dr # 42','Davidson','NC',28036,'','W','Y','test292@gmail.com','Doctor'),(171,'test293',3916,'Scott','Richard','Ross',50,'M',7,'12435 Bradford Park Dr','Davidson','NC',28036,'','W','Y','test293@gmail.com','Doctor'),(172,'test294',7040,'Virginia','K','Brown',75,'F',7,'17701 River Ford Dr','Davidson','NC',28036,'','W','Y','test294@gmail.com','Nurse'),(173,'test295',2582,'David','Alexander','Wylie',27,'U',7,'Po Box 1491','Davidson','NC',28036,'','W','Y','test295@gmail.com','Agriculturist'),(174,'test296',2792,'Paul','David','Mcmanaway',68,'M',7,'Po Box 4599','Davidson','NC',28036,'','W','Y','test296@gmail.com','Student'),(175,'test297',1021,'Javet','P','Wilson',60,'M',7,'P O Box 285','Davidson','NC',28036,'','B','Y','test297@gmail.com','Engineer'),(176,'test298',4657,'Julia','Rose','Pollack',20,'F',7,'623 Watson St','Davidson','NC',28036,'','W','Y','test298@gmail.com','Student'),(177,'test299',7985,'Katherine','Jane','Kindred',34,'F',7,'247 Jetton St','Davidson','NC',28036,'','W','Y','test299@gmail.com','cops'),(178,'test300',4629,'Monica','Claire','Keohane',49,'F',7,'625 Village Main Cir','Davidson','NC',28036,'','W','Y','test300@gmail.com','Engineer'),(179,'test301',4866,'Alice','M','Garbrick',76,'F',7,'18801 Maplecroft Lake Ln','Davidson','NC',28036,'','W','Y','test301@gmail.com','Doctor'),(180,'test302',8405,'Millinette','Emily','Walkins',96,'F',3,'17018 Summers Walk Blvd','Charlotte','NC',28216,'','B','Y','test302@gmail.com','Engineer'),(181,'test303',8658,'Linda','Jeanne','Joseph',63,'F',8,'11925 Lawings Corner Dr','Huntersville','NC',28078,'','W','Y','test303@gmail.com','Engineer'),(182,'test304',7561,'Brandon','E','Link',33,'M',8,'9327 Lear Ct','Huntersville','NC',28078,'','B','Y','test304@gmail.com','Engineer'),(183,'test305',9190,'Gina','Francesca','Eichelbaum',36,'F',8,'8920 Glade Ct','Huntersville','NC',28078,'','W','Y','test305@gmail.com','Student'),(184,'test306',3466,'John','L','Marshall',72,'M',8,'9014 Oxford Pl','Huntersville','NC',28078,'','W','Y','test306@gmail.com','professor'),(185,'test307',8247,'Larry','W','Jamison',72,'M',8,'16514 Glenfurness Dr','Huntersville','NC',28078,'','W','Y','test307@gmail.com','professor'),(186,'test308',1633,'Shannon','Christopher','Kinsey',43,'M',8,'3815 Laurel Berry Ln','Huntersville','NC',28078,'','W','Y','test308@gmail.com','Student'),(187,'test309',6437,'Scott','Michael','Fritz',46,'M',8,'14704 Colonial Park Dr','Huntersville','NC',28078,'','W','Y','test309@gmail.com','Student'),(188,'test310',9388,'Roger','Lee','Dehart',51,'M',8,'8815 Glade Ct','Huntersville','NC',28078,'','W','Y','test310@gmail.com','Student'),(189,'test311',8494,'Raymond','A','Murray',53,'M',8,'10407 Caneel Ct','Huntersville','NC',28078,'','W','Y','test311@gmail.com','Student'),(190,'test312',8785,'Laureen','Ellen','Manion',78,'F',8,'13239 Centennial Commons Pkwy','Huntersville','NC',28078,'','W','Y','test312@gmail.com','professor'),(191,'test313',1751,'Nina','M','Clifton',48,'F',8,'10813 Lamesa Pl','Huntersville','NC',28078,'','W','Y','test313@gmail.com','Engineer'),(192,'test314',5493,'Cole','William','Rogers',19,'M',8,'10418 Callicut Spring Ct','Huntersville','NC',28078,'','W','Y','test314@gmail.com','professor'),(193,'test315',9250,'Timothy','Mark','Burdick',23,'M',8,'7300 Mcilwaine Rd','Huntersville','NC',28078,'','W','Y','test315@gmail.com','Student'),(194,'test316',7867,'Toni','W','Grigg',60,'F',8,'10320 Arran Ct','Huntersville','NC',28078,'','W','Y','test316@gmail.com','professor'),(195,'test317',9321,'Hind','Halabi','Nicholas',52,'F',8,'14124 Lyon Hill Ln','Huntersville','NC',28078,'','W','Y','test317@gmail.com','Student'),(196,'test318',1631,'Emma','F','Flowers',76,'F',8,'13420 Philip Michael Rd','Huntersville','NC',28078,'','B','Y','test318@gmail.com','cops'),(197,'test319',9993,'Helen','Adeline','Brennan',78,'F',8,'7809 Stilling St','Huntersville','NC',28078,'','W','Y','test319@gmail.com','professor'),(198,'test320',6339,'Jessica','Elyse','Carter',29,'F',8,'15341 Hugh Mcauley Rd','Huntersville','NC',28078,'','B','Y','test320@gmail.com','Doctor'),(199,'test321',4533,'Constance','Elinor','Congdon',64,'F',8,'14210 Boatway Ct','Huntersville','NC',28078,'','W','Y','test321@gmail.com','Agriculturist'),(200,'test322',1977,'Diana','Bowling','Lassahn',66,'F',8,'8722 Fox Tail Ln','Huntersville','NC',28078,'','W','Y','test322@gmail.com','professor'),(201,'test323',3751,'Dorothy','Jean','Lane',59,'F',8,'15109 Colonial Park Dr','Huntersville','NC',28078,'','B','Y','test323@gmail.com','Agriculturist'),(202,'test324',9792,'Daniel','P','Nolan',36,'M',8,'11916 Cupworth Ct','Huntersville','NC',28078,'','W','Y','test324@gmail.com','Engineer'),(203,'test325',5372,'Amy','Louise','Briggs',52,'F',8,'12436 Bravington Rd','Huntersville','NC',28078,'','W','Y','test325@gmail.com','Student'),(204,'test326',2945,'Jennifer','Rebecca','Thomas',37,'F',8,'11811 Warfield Ave','Huntersville','NC',28078,'','W','Y','test326@gmail.com','professor'),(205,'test327',6207,'David','Alan','Hollowell',34,'M',8,'16506 Ambassador Park Dr','Huntersville','NC',28078,'','W','Y','test327@gmail.com','Engineer'),(206,'test328',1983,'Ernest','M','Cavasinni',56,'M',8,'12720 Willingdon Rd','Huntersville','NC',28078,'','W','Y','test328@gmail.com','Student'),(207,'test329',4914,'Mariko','Jean','Smith',30,'F',8,'13425 Philip Michael Rd','Huntersville','NC',28078,'','A','Y','test329@gmail.com','cops'),(208,'test330',1542,'Paul','Cleveland','Reynolds',92,'M',8,'7904 Babe Stillwell Farm Rd','Huntersville','NC',28078,'','W','Y','test330@gmail.com','Nurse'),(209,'test331',2781,'Adam','','Maier',28,'M',8,'12601 Cumberland Crest Dr','Huntersville','NC',28078,'','W','Y','test331@gmail.com','Engineer'),(210,'test332',7307,'Debra','L','Thomas',59,'F',8,'16847 Birkdale Commons Pkwy # B','Huntersville','NC',28078,'','W','Y','test332@gmail.com','Student'),(211,'test333',4558,'Randy','Chung-Ming','Henning',41,'M',8,'15405 Troubadour Ln','Huntersville','NC',28078,'','M','Y','test333@gmail.com','Nurse'),(212,'test334',3479,'Rebecca','Lyn','Mechanic',33,'F',8,'9524 Gilead Grove Rd','Huntersville','NC',28078,'','W','Y','test334@gmail.com','Student'),(213,'test335',7423,'Steven','John','Edelman',38,'M',8,'13508 Willow Breeze Ln','Huntersville','NC',28078,'','W','Y','test335@gmail.com','Engineer'),(214,'test336',1903,'Christopher','David','Gill',52,'M',8,'11729 Kinross Ct','Huntersville','NC',28078,'','W','Y','test336@gmail.com','Agriculturist'),(215,'test337',1934,'Ebony','Channel','Chambers',34,'F',8,'9433 Rosewood Meadow Ln','Huntersville','NC',28078,'','B','Y','test337@gmail.com','Student'),(216,'test338',1323,'Graham','Hutchings','Mayfield',49,'M',8,'11901 Ulsten Ln','Huntersville','NC',28078,'','W','Y','test338@gmail.com','Student'),(217,'test339',3486,'Travis','Wayne','Watts',26,'M',8,'14433 Maclauren Ln','Huntersville','NC',28078,'','W','Y','test339@gmail.com','Doctor'),(218,'test340',7288,'Jacob','Henry','Yousif',20,'M',8,'14636 Greenpoint Ln','Huntersville','NC',28078,'','O','Y','test340@gmail.com','Engineer'),(219,'test341',1601,'Robert','Basil','Durish',31,'M',8,'7600 Silverton Way','Huntersville','NC',28078,'','W','Y','test341@gmail.com','cops'),(220,'test342',8011,'Daniel','Sloan','Tito',24,'M',8,'12601 Cedar Fall Dr','Huntersville','NC',28078,'','W','Y','test342@gmail.com','Engineer'),(221,'test343',1098,'Todd','E','Steen',49,'M',8,'12209 Kane Alexander Dr','Huntersville','NC',28078,'','W','Y','test343@gmail.com','Student'),(222,'test344',2121,'Keri','C','Patterson',43,'F',8,'16901 Laureate Rd','Huntersville','NC',28078,'','W','Y','test344@gmail.com','Doctor'),(223,'test345',8943,'Mercedes','J','Bush',63,'F',8,'9402 Rosewood Meadow Ln','Huntersville','NC',28078,'','W','Y','test345@gmail.com','Engineer'),(224,'test346',4129,'Roberta','','Smith',61,'F',8,'13915 Holbrooks Rd # 2','Huntersville','NC',28078,'','B','Y','test346@gmail.com','Student'),(225,'test347',4199,'Richard','J','Moon',57,'M',8,'14820 Stonegreen Ln','Huntersville','NC',28078,'','W','Y','test347@gmail.com','Engineer'),(226,'test348',4122,'Helene','Lu','Bergeman',44,'F',9,'1533 Woody Creek Rd','Matthews','NC',28105,'','W','Y','test348@gmail.com','Engineer'),(227,'test349',8402,'April','Ann','Leon',33,'F',9,'9316 Clifton Meadow Dr','Charlotte','NC',28105,'','W','Y','test349@gmail.com','Student'),(228,'test350',4082,'Robert','Sidney','Abernethy',59,'M',9,'716 Stratfordshire Dr','Matthews','NC',28105,'','W','Y','test350@gmail.com','Engineer'),(229,'test351',3514,'Gale','Wyatt','Groseclose',58,'F',9,'7322 Restoration Dr','Charlotte','NC',28105,'','W','Y','test351@gmail.com','Engineer'),(230,'test352',7976,'Karen','Michele','Price',43,'F',9,'9725 Little River Ct','Charlotte','NC',28105,'','W','Y','test352@gmail.com','Engineer'),(231,'test353',5364,'Benjamin','Leighton','Casebler',46,'M',9,'2108 Tarlton Dr','Charlotte','NC',28105,'','W','Y','test353@gmail.com','professor'),(232,'test354',7327,'Allen','Foster','Hicks',27,'M',9,'3631 Savannah Hills Dr','Matthews','NC',28105,'','B','Y','test354@gmail.com','Engineer'),(233,'test355',8053,'Roosevelt','Mallory','Blackwell',66,'M',9,'10619 Andiron Dr','Charlotte','NC',28105,'','B','Y','test355@gmail.com','Engineer'),(234,'test356',6509,'Carl','L','Bryant',53,'M',9,'9821 Dunfries Rd','Charlotte','NC',28105,'','W','Y','test356@gmail.com','Doctor'),(235,'test357',9076,'Reagan','Colleen','Vanderhill',27,'F',9,'1508 Gander Cove Ln # 13','Matthews','NC',28105,'','W','Y','test357@gmail.com','Student'),(236,'test358',8205,'Bobby','R','Langdon',66,'M',9,'1425 Reid Harkey Rd','Matthews','NC',28105,'','W','Y','test358@gmail.com','Doctor'),(237,'test359',3018,'Amy','S','Beverly-Walker',60,'F',9,'8830 Hadco Ln','Matthews','NC',28105,'','W','Y','test359@gmail.com','professor'),(238,'test360',4104,'Edward','Richard','Ryan',54,'M',9,'3700 Basking Ridge Ct','Charlotte','NC',28105,'','W','Y','test360@gmail.com','Engineer'),(239,'test361',4801,'Morgan','Sue','Bennett',24,'F',9,'1424 Moonstone Dr','Matthews','NC',28105,'','W','Y','test361@gmail.com','cops'),(240,'test362',8595,'Connie','Lynn','Sharma',45,'F',9,'200 Foxlair Ct','Matthews','NC',28105,'','W','Y','test362@gmail.com','cops'),(241,'test363',8724,'Christopher','Lyle','Hughes',43,'M',9,'2136 Light Brigade Dr','Matthews','NC',28105,'','W','Y','test363@gmail.com','professor'),(242,'test364',9504,'David','Manning','Mowrey',48,'M',9,'12337 Grier Pl','Mint Hill','NC',28105,'','W','Y','test364@gmail.com','Student'),(243,'test365',7345,'Rubye','H','Wells',89,'F',9,'1916 Fair Forest Dr','Matthews','NC',28105,'','W','Y','test365@gmail.com','professor'),(244,'test366',7229,'Stuart','Y','Wernikoff',58,'M',9,'1010 Home Pl','Matthews','NC',28105,'','W','Y','test366@gmail.com','Student'),(245,'test367',8330,'Eleanor','Coffey','Freer',73,'F',9,'1917 Windsor Hill Dr # I','Matthews','NC',28105,'','W','Y','test367@gmail.com','Engineer'),(246,'test368',9197,'Pamela','C','Skinner',66,'F',9,'2829 Williams Station Rd','Matthews','NC',28105,'','W','Y','test368@gmail.com','Student'),(247,'test369',3032,'Edward','Anthony','Couture',75,'M',9,'1205 Williamstown Rd','Matthews','NC',28105,'','W','Y','test369@gmail.com','Doctor'),(248,'test370',3328,'Sherri','Renee','Lowrie',53,'F',9,'2417 Keziah Rd','Matthews','NC',28105,'','W','Y','test370@gmail.com','Engineer'),(249,'test371',2407,'Amy','Fowler','Johnson',44,'F',9,'900 Tadlock Pl','Matthews','NC',28105,'','W','Y','test371@gmail.com','Doctor'),(250,'test372',6605,'Dorothy','I','Mazina',61,'F',9,'2517 Honey Creek Ln','Matthews','NC',28105,'','W','Y','test372@gmail.com','Student'),(251,'test373',6681,'Sharon','E','Ash',69,'F',9,'4231 Melrose Club Dr','Charlotte','NC',28105,'','W','Y','test373@gmail.com','Student'),(252,'test374',6042,'Leah','Anna','Humphries',27,'F',9,'12706 Vinings Creek Dr # 1037','Matthews','NC',28105,'','W','Y','test374@gmail.com','Nurse'),(253,'test375',4993,'Lou','E','Scott',54,'F',9,'12400 Bentcreek Ln','Matthews','NC',28105,'','W','Y','test375@gmail.com','Engineer'),(254,'test376',8195,'Summer','Ayers','Savin',39,'F',9,'313 Foxfield Ln','Matthews','NC',28105,'','W','Y','test376@gmail.com','Engineer'),(255,'test377',1194,'Walter','William','Cosby',87,'M',9,'733 Plantation Estates Dr # E307','Matthews','NC',28105,'','W','Y','test377@gmail.com','Engineer'),(256,'test378',4422,'Joy','Darnell','Jackson',47,'F',9,'2337 Kimway Dr','Matthews','NC',28105,'','W','Y','test378@gmail.com','Doctor'),(257,'test379',1347,'Christopher','','Deyton',32,'M',9,'1604 Ivy Bluff Way','Matthews','NC',28105,'','W','Y','test379@gmail.com','Student'),(258,'test380',1442,'Kevin','Joseph','Creamer',49,'M',9,'2821 Polo Club Blvd # A','Matthews','NC',28105,'','W','Y','test380@gmail.com','professor'),(259,'test381',8959,'Lexi','','Arbajian',21,'F',9,'120 Lakenheath Ln','Matthews','NC',28105,'','W','Y','test381@gmail.com','Doctor'),(260,'test382',3427,'Terrell','Alvin','Crowley',85,'M',9,'2022 Woodburn Ter','Matthews','NC',28105,'','W','Y','test382@gmail.com','Student'),(261,'test383',4307,'Carmen','Tarlton','Best',48,'U',9,'15014 Hooks Rd','Matthews','NC',28105,'','W','Y','test383@gmail.com','Student'),(262,'test384',3091,'William','Forrest','Maxwell',21,'M',9,'441 S Freemont St','Matthews','NC',28105,'','W','Y','test384@gmail.com','professor'),(263,'test385',4282,'Karl','W','Eisenacher',47,'M',9,'2916 Oakhaven Dr','Matthews','NC',28105,'','W','Y','test385@gmail.com','Student'),(264,'test386',1294,'Kyle','David','Schichler',23,'M',9,'4236 Ladys Slipper Ln','Charlotte','NC',28105,'','W','Y','test386@gmail.com','Doctor'),(265,'test387',6327,'Ellen','L','Funderburk',80,'F',9,'803 Treverton Dr','Matthews','NC',28105,'','W','Y','test387@gmail.com','Nurse'),(266,'test388',4543,'Wendy','G','Hennes',48,'F',9,'616 Stanhope Ln','Matthews','NC',28105,'','W','Y','test388@gmail.com','Student'),(267,'test389',2594,'William','Thomas','Bader',24,'M',9,'2100 Pineapple Ct','Matthews','NC',28105,'','W','Y','test389@gmail.com','Engineer'),(268,'test390',2586,'Frederick','Scott','Ruch',30,'M',9,'915 Matthews Commons Dr # 28','Matthews','NC',28105,'','W','Y','test390@gmail.com','Engineer'),(269,'test391',8990,'Min','','Wang',46,'F',9,'330 Willow Brook Dr','Matthews','NC',28105,'','A','Y','test391@gmail.com','Engineer'),(270,'test392',4509,'Rosalind','','Pena',33,'F',9,'2500 Cross Point Cir # 13','Charlotte','NC',28105,'','O','Y','test392@gmail.com','Student'),(271,'test393',2046,'Sandra','Yandle','Barker',68,'F',9,'2626 Bathgate Ln','Matthews','NC',28105,'','W','Y','test393@gmail.com','Engineer'),(272,'test394',7606,'David','Michael','White',37,'M',9,'2109 Brandywine Dr','Matthews','NC',28105,'','W','Y','test394@gmail.com','Doctor'),(273,'test395',5302,'Stephen','M','Vislay',47,'M',9,'4506 Matthews-Mint Hill Rd','Matthews','NC',28105,'','W','Y','test395@gmail.com','professor'),(274,'test396',8990,'Krzysztof','','Broszkiewicz',52,'M',9,'11038 Chestnut Hill Dr','Matthews','NC',28105,'','U','Y','test396@gmail.com','Engineer'),(275,'test397',6060,'James','Bryan','Blair',71,'M',9,'2207 North Castle Ct','Matthews','NC',28105,'','W','Y','test397@gmail.com','Student'),(276,'test398',2307,'Charles','B','Mcallister',48,'M',10,'10332 Old Camden Rd','Midland','NC',28107,'','W','Y','test398@gmail.com','Engineer'),(277,'test399',4662,'Drew','Christopher','Holt',30,'M',10,'16713 Plaincrest Rd','Midland','NC',28107,'','W','Y','test399@gmail.com','Student'),(278,'test400',5509,'Rebecca','Elaine','Blackburn',30,'F',10,'17100 Cabarrus Rd','Midland','NC',28107,'','W','Y','test400@gmail.com','Engineer'),(279,'test401',8754,'Jerry','D','Porter',73,'M',10,'16711 Plaincrest Rd','Midland','NC',28107,'','W','Y','test401@gmail.com','Student'),(280,'test402',4871,'Betty','R','Arrowood',79,'F',10,'16610 Blackberry Hills Dr','Midland','NC',28107,'','W','Y','test402@gmail.com','professor'),(281,'test403',7690,'Geraldine','','Wilson',68,'F',3,'Po Box 690448','Mint','HILL',28227,'','B','Y','test403@gmail.com','Agriculturist'),(282,'test404',4455,'Karen','Evans','Brown',56,'F',5,'7321 Davis Rd','Mint','HILL',28214,'','W','Y','test404@gmail.com','Engineer'),(283,'test405',9119,'David','Wilson','Bissette',62,'M',1,'1829 Dickerson Blvd Ste 232','Monroe','NC',28270,'','W','Y','test405@gmail.com','professor'),(284,'test406',8038,'Craig','H','Newton',32,'M',2,'Po Box 309','Newell','NC',28213,'','W','Y','test406@gmail.com','cops'),(285,'test407',3974,'Gina','B','Edwards',47,'F',5,'Po Box 623','Newell','NC',28215,'','W','Y','test407@gmail.com','Engineer'),(286,'test408',6723,'Andrew','Gabriel','Knupp',30,'M',2,'Po Box 111','Newell','NC',28213,'','W','Y','test408@gmail.com','Student'),(287,'test409',1624,'Barbara','Carpenter','Ghattas',66,'F',2,'Po Box 254','Newell','NC',28209,'','W','Y','test409@gmail.com','professor'),(288,'test410',7428,'James','Wright','Mclaughlin',79,'M',2,'P O Box 17','Newell','NC',28213,'','W','Y','test410@gmail.com','Nurse'),(289,'test411',9160,'Paul','L','White',66,'M',5,'P O Box 184','Paw','CREEK',28214,'','W','Y','test411@gmail.com','Agriculturist'),(290,'test412',4517,'Robbie','M','Johnson',65,'F',5,'Po Box 832','Paw','CREEK',28214,'','B','Y','test412@gmail.com','Student'),(291,'test413',8659,'Charlene','Michelle','Manigault',27,'F',5,'Po Box 743','Paw','CREEK',28214,'','B','Y','test413@gmail.com','Student'),(292,'test414',4171,'Michael','Newell','Carraher',68,'M',11,'206 Eden Cir','Pineville','NC',28134,'','W','Y','test414@gmail.com','professor'),(293,'test415',8088,'Crystal','Ann','Abrams',55,'F',11,'12910 Pinewell Dr # 207','Pineville','NC',28134,'','B','Y','test415@gmail.com','Engineer'),(294,'test416',6370,'Laura','Margaret','Wasserman',48,'F',11,'13612 Gatestone Ln','Pineville','NC',28134,'','W','Y','test416@gmail.com','Engineer'),(295,'test417',2532,'Erin','Michelle','Burrey Lind',47,'F',11,'12658 Woodside Falls Rd','Pineville','NC',28134,'','W','Y','test417@gmail.com','Student'),(296,'test418',6324,'Marcus','Duane','Potts',38,'M',11,'315 Pineville Forest Dr','Pineville','NC',28134,'','B','Y','test418@gmail.com','Student'),(297,'test419',2232,'Edward','James','Craig',26,'M',11,'12018 Woodside Falls Rd','Pineville','NC',28134,'','W','Y','test419@gmail.com','Student'),(298,'test420',2681,'Mae','H','Dunlap',68,'F',11,'9417 Yandle Ln','Pineville','NC',28134,'','B','Y','test420@gmail.com','Engineer'),(299,'test421',2367,'Hazel','','Threatt',72,'F',11,'1826 Myrtle Ave','Pineville','NC',28134,'','B','Y','test421@gmail.com','professor'),(300,'test422',5619,'Carmen','','Lucas',42,'F',11,'12629 Sabal Park Dr # 202','Pineville','NC',28134,'','B','Y','test422@gmail.com','Student'),(301,'test423',6204,'Va','','Lo',61,'F',11,'317 Amon Ln','Pineville','NC',28134,'','A','Y','test423@gmail.com','Student'),(302,'test424',2729,'Chelsea','Janel','Erausquin',33,'F',11,'11401 Treebark Dr','Pineville','NC',28134,'','B','Y','test424@gmail.com','Student'),(303,'test425',9979,'Trina','Henson','Beranek',37,'F',11,'12220 Winghurst Dr','Pineville','NC',28134,'','W','Y','test425@gmail.com','Student'),(304,'test426',1257,'Araceli','','Carrillo',24,'U',11,'12639 Buxton Dr','Pineville','NC',28134,'','U','Y','test426@gmail.com','Agriculturist'),(305,'test427',1592,'Kusum','Indira','Katupearachchi',65,'F',11,'14600 Eastgrove Dr','Pineville','NC',28134,'','A','Y','test427@gmail.com','Engineer'),(306,'test428',7089,'Paige','Eileen','Riley',25,'F',11,'12737 Meadow Creek Ln # 306','Pineville','NC',28134,'','W','Y','test428@gmail.com','professor'),(307,'test429',8685,'Elizabeth','Anne','Rentschker',31,'F',11,'12609 Buck Creek Ct','Pineville','NC',28134,'','W','Y','test429@gmail.com','Student'),(308,'test430',4818,'Seth','Lee','Enlow',32,'M',11,'15700 Weeping Valley Dr','Pineville','NC',28134,'','W','Y','test430@gmail.com','Student'),(309,'test431',2943,'Claire','B','Reilly',72,'F',11,'10324 Osprey Dr','Pineville','NC',28134,'','W','Y','test431@gmail.com','Engineer'),(310,'test432',8072,'Elease','M','Moore',78,'F',11,'519 Amon Ln','Pineville','NC',28134,'','W','Y','test432@gmail.com','Student'),(311,'test433',3889,'Domenique','Delores','Ingram',29,'F',11,'1509 Dendy Ln','Pineville','NC',28134,'','B','Y','test433@gmail.com','professor'),(312,'test434',7001,'Christopher','Ryan','Pauley',34,'M',11,'12501 Woodside Falls Rd','Pineville','NC',28134,'','W','Y','test434@gmail.com','Student'),(313,'test435',4401,'Robin','J','Curtis',72,'M',11,'14737 Sapphire Ln','Pineville','NC',28134,'','W','Y','test435@gmail.com','cops'),(314,'test436',1626,'Glenn','Richard','Swegles',86,'M',11,'12930 Dorman Rd # 340','Pineville','NC',28134,'','W','Y','test436@gmail.com','cops'),(315,'test437',5664,'Terri','','Hough',45,'F',11,'12629 Sabal Park Dr # 207','Pineville','NC',28134,'','U','Y','test437@gmail.com','Student'),(316,'test438',4297,'Deborah','L','Epperson',55,'F',11,'241 Water Oak Dr','Pineville','NC',28134,'','W','Y','test438@gmail.com','Agriculturist'),(317,'test439',5108,'Margaret','Ann','Jennings',69,'F',11,'12920 Dorman Rd # 313','Pineville','NC',28134,'','W','Y','test439@gmail.com','Engineer'),(318,'test440',1885,'Brian','Christopher','Noble',36,'M',11,'236 Water Oak Dr','Pineville','NC',28134,'','W','Y','test440@gmail.com','Engineer'),(319,'test441',2730,'Jorge','','Munoz',26,'M',11,'212 Juanita Dr','Pineville','NC',28134,'','U','Y','test441@gmail.com','Student'),(320,'test442',8348,'Wiley','Norman','Combs',91,'M',11,'101 Amon Ln','Pineville','NC',28134,'','W','Y','test442@gmail.com','Student'),(321,'test443',NULL,'test','test','test',19,'M',11,'test','test','test',1233,'','W','Y',NULL,NULL);
/*!40000 ALTER TABLE `user` ENABLE KEYS */;
UNLOCK TABLES;

--
-- Table structure for table `voter`
--

DROP TABLE IF EXISTS `voter`;
/*!40101 SET @saved_cs_client     = @@character_set_client */;
/*!40101 SET character_set_client = utf8 */;
CREATE TABLE `voter` (
  `voter_id` int(11) NOT NULL AUTO_INCREMENT,
  `user_id` int(11) DEFAULT NULL,
  `voter_reg_date` varchar(50) DEFAULT NULL,
  `voter_status` varchar(20) DEFAULT 'Active',
  PRIMARY KEY (`voter_id`),
  KEY `user_id` (`user_id`),
  CONSTRAINT `voter_ibfk_1` FOREIGN KEY (`user_id`) REFERENCES `user` (`user_id`)
) ENGINE=InnoDB AUTO_INCREMENT=1318 DEFAULT CHARSET=utf8;
/*!40101 SET character_set_client = @saved_cs_client */;

--
-- Dumping data for table `voter`
--

LOCK TABLES `voter` WRITE;
/*!40000 ALTER TABLE `voter` DISABLE KEYS */;
INSERT INTO `voter` VALUES (1001,1,'2015-05-12','Active'),(1002,2,'2015-05-13','Active'),(1003,3,'2015-05-14','Active'),(1004,4,'2015-05-15','Active'),(1005,5,'2015-05-16','Active'),(1006,6,'2015-05-17','Active'),(1007,7,'2015-05-18','Active'),(1008,8,'2015-05-19','Active'),(1009,9,'2015-05-20','Active'),(1010,10,'2015-05-21','Active'),(1011,11,'2015-05-22','Active'),(1012,12,'2015-05-23','Active'),(1013,13,'2015-05-24','Inactive'),(1014,14,'2015-05-25','Active'),(1015,15,'2015-05-26','Active'),(1016,16,'2015-05-27','Active'),(1017,17,'2015-05-28','Active'),(1018,18,'2015-05-29','Active'),(1019,19,'2015-05-30','Active'),(1020,20,'2015-05-31','Active'),(1021,21,'2015-06-01','Active'),(1022,22,'2015-06-02','Active'),(1023,23,'2015-06-03','Active'),(1024,24,'2015-06-04','Active'),(1025,25,'2015-06-05','Active'),(1026,26,'2015-06-06','Active'),(1027,27,'2015-06-07','Active'),(1028,28,'2015-06-08','Active'),(1029,29,'2015-06-09','Active'),(1030,30,'2015-06-10','Active'),(1031,31,'2015-06-11','Active'),(1032,32,'2015-06-12','Active'),(1033,33,'2015-06-13','Active'),(1034,34,'2015-06-14','Active'),(1035,35,'2015-06-15','Active'),(1036,36,'2015-06-16','Active'),(1037,37,'2015-06-17','Active'),(1038,38,'2015-06-18','Active'),(1039,39,'2015-06-19','Active'),(1040,40,'2015-06-20','Active'),(1041,41,'2015-06-21','Active'),(1042,42,'2015-06-22','Active'),(1043,43,'2015-06-23','Active'),(1044,44,'2015-06-24','Active'),(1045,45,'2015-06-25','Active'),(1046,46,'2015-06-26','Active'),(1047,47,'2015-06-27','Active'),(1048,48,'2015-06-28','Active'),(1049,49,'2015-06-29','Active'),(1050,50,'2015-06-30','Active'),(1051,51,'2015-07-01','Active'),(1052,52,'2015-07-02','Active'),(1053,53,'2015-07-03','Active'),(1054,54,'2015-07-04','Active'),(1055,55,'2015-07-05','Active'),(1056,56,'2015-07-06','Active'),(1057,57,'2015-07-07','Active'),(1058,58,'2015-07-08','Active'),(1059,59,'2015-07-09','Active'),(1060,60,'2015-07-10','Active'),(1061,61,'2015-07-11','Active'),(1062,62,'2015-07-12','Active'),(1063,63,'2015-07-13','Active'),(1064,64,'2015-07-14','Active'),(1065,65,'2015-07-15','Active'),(1066,66,'2015-07-16','Active'),(1067,67,'2015-07-17','Active'),(1068,68,'2015-07-18','Active'),(1069,69,'2015-07-19','Active'),(1070,70,'2015-07-20','Inactive'),(1071,71,'2015-07-21','Inactive'),(1072,72,'2015-07-22','Active'),(1073,73,'2015-07-23','Active'),(1074,74,'2015-07-24','Active'),(1075,75,'2015-07-25','Active'),(1076,76,'2015-07-26','Active'),(1077,77,'2015-07-27','Active'),(1078,78,'2015-07-28','Active'),(1079,79,'2015-07-29','Active'),(1080,80,'2015-07-30','Active'),(1081,81,'2015-07-31','Active'),(1082,82,'2015-08-01','Active'),(1083,83,'2015-08-02','Active'),(1084,84,'2015-08-03','Active'),(1085,85,'2015-08-04','Active'),(1086,86,'2015-08-05','Active'),(1087,87,'2015-08-06','Active'),(1088,88,'2015-08-07','Active'),(1089,89,'2015-08-08','Active'),(1090,90,'2015-08-09','Active'),(1091,91,'2015-08-10','Active'),(1092,92,'2015-08-11','Active'),(1093,93,'2015-08-12','Active'),(1094,94,'2015-08-13','Active'),(1095,95,'2015-08-14','Active'),(1096,96,'2015-08-15','Active'),(1097,97,'2015-08-16','Active'),(1098,98,'2015-08-17','Active'),(1099,99,'2015-08-18','Active'),(1100,100,'2015-08-19','Active'),(1101,101,'2015-08-20','Active'),(1102,102,'2015-08-21','Active'),(1103,103,'2015-08-22','Active'),(1104,104,'2015-08-23','Active'),(1105,105,'2015-08-24','Active'),(1106,106,'2015-08-25','Active'),(1107,107,'2015-08-26','Active'),(1108,108,'2015-08-27','Active'),(1109,109,'2015-08-28','Active'),(1110,110,'2015-08-29','Inactive'),(1111,111,'2015-08-30','Active'),(1112,112,'2015-08-31','Inactive'),(1113,113,'2015-09-01','Active'),(1114,114,'2015-09-02','Active'),(1115,115,'2015-09-03','Active'),(1116,116,'2015-09-04','Active'),(1117,117,'2015-09-05','Active'),(1118,118,'2015-09-06','Active'),(1119,119,'2015-09-07','Active'),(1120,120,'2015-09-08','Active'),(1121,121,'2015-09-09','Active'),(1122,122,'2015-09-10','Active'),(1123,123,'2015-09-11','Active'),(1124,124,'2015-09-12','Active'),(1125,125,'2015-09-13','Active'),(1126,126,'2015-09-14','Active'),(1127,127,'2015-09-15','Active'),(1128,128,'2015-09-16','Active'),(1129,129,'2015-09-17','Active'),(1130,130,'2015-09-18','Active'),(1131,131,'2015-09-19','Active'),(1132,132,'2015-09-20','Active'),(1133,133,'2015-09-21','Active'),(1134,134,'2015-09-22','Active'),(1135,135,'2015-09-23','Active'),(1136,136,'2015-09-24','Active'),(1137,137,'2015-09-25','Active'),(1138,138,'2015-09-26','Active'),(1139,139,'2015-09-27','Active'),(1140,140,'2015-09-28','Active'),(1141,141,'2015-09-29','Active'),(1142,142,'2015-09-30','Active'),(1143,143,'2015-10-01','Active'),(1144,144,'2015-10-02','Active'),(1145,145,'2015-10-03','Active'),(1146,146,'2015-10-04','Active'),(1147,147,'2015-10-05','Active'),(1148,148,'2015-10-06','Inactive'),(1149,149,'2015-10-07','Active'),(1150,150,'2015-10-08','Active'),(1151,151,'2015-10-09','Active'),(1152,152,'2015-10-10','Active'),(1153,153,'2015-10-11','Active'),(1154,154,'2015-10-12','Active'),(1155,155,'2015-10-13','Active'),(1156,156,'2015-10-14','Active'),(1157,157,'2015-10-15','Active'),(1158,158,'2015-10-16','Inactive'),(1159,159,'2015-10-17','Active'),(1160,160,'2015-10-18','Active'),(1161,161,'2015-10-19','Active'),(1162,162,'2015-10-20','Active'),(1163,163,'2015-10-21','Active'),(1164,164,'2015-10-22','Active'),(1165,165,'2015-10-23','Active'),(1166,166,'2015-10-24','Active'),(1167,167,'2015-10-25','Active'),(1168,168,'2015-10-26','Active'),(1169,169,'2015-10-27','Active'),(1170,170,'2015-10-28','Active'),(1171,171,'2015-10-29','Active'),(1172,172,'2015-10-30','Active'),(1173,173,'2015-10-31','Active'),(1174,174,'2015-11-01','Active'),(1175,175,'2015-11-02','Active'),(1176,176,'2015-11-03','Active'),(1177,177,'2015-11-04','Active'),(1178,178,'2015-11-05','Active'),(1179,179,'2015-11-06','Active'),(1180,180,'2015-11-07','Active'),(1181,181,'2015-11-08','Active'),(1182,182,'2015-11-09','Active'),(1183,183,'2015-11-10','Active'),(1184,184,'2015-11-11','Active'),(1185,185,'2015-11-12','Active'),(1186,186,'2015-11-13','Inactive'),(1187,187,'2015-11-14','Active'),(1188,188,'2015-11-15','Active'),(1189,189,'2015-11-16','Active'),(1190,190,'2015-11-17','Active'),(1191,191,'2015-11-18','Active'),(1192,192,'2015-11-19','Active'),(1193,193,'2015-11-20','Active'),(1194,194,'2015-11-21','Active'),(1195,195,'2015-11-22','Active'),(1196,196,'2015-11-23','Active'),(1197,197,'2015-11-24','Active'),(1198,198,'2015-11-25','Active'),(1199,199,'2015-11-26','Active'),(1200,200,'2015-11-27','Active'),(1201,201,'2015-11-28','Active'),(1202,202,'2015-11-29','Active'),(1203,203,'2015-11-30','Active'),(1204,204,'2015-12-01','Active'),(1205,205,'2015-12-02','Active'),(1206,206,'2015-12-03','Active'),(1207,207,'2015-12-04','Active'),(1208,208,'2015-12-05','Active'),(1209,209,'2015-12-06','Active'),(1210,210,'2015-12-07','Active'),(1211,211,'2015-12-08','Active'),(1212,212,'2015-12-09','Active'),(1213,213,'2015-12-10','Active'),(1214,214,'2015-12-11','Active'),(1215,215,'2015-12-12','Active'),(1216,216,'2015-12-13','Active'),(1217,217,'2015-12-14','Active'),(1218,218,'2015-12-15','Active'),(1219,219,'2015-12-16','Active'),(1220,220,'2015-12-17','Inactive'),(1221,221,'2015-12-18','Active'),(1222,222,'2015-12-19','Active'),(1223,223,'2015-12-20','Active'),(1224,224,'2015-12-21','Active'),(1225,225,'2015-12-22','Active'),(1226,226,'2015-12-23','Active'),(1227,227,'2015-12-24','Active'),(1228,228,'2015-12-25','Active'),(1229,229,'2015-12-26','Active'),(1230,230,'2015-12-27','Active'),(1231,231,'2015-12-28','Active'),(1232,232,'2015-12-29','Active'),(1233,233,'2015-12-30','Active'),(1234,234,'2015-12-31','Active'),(1235,235,'2016-01-01','Active'),(1236,236,'2016-01-02','Active'),(1237,237,'2016-01-03','Active'),(1238,238,'2016-01-04','Active'),(1239,239,'2016-01-05','Active'),(1240,240,'2016-01-06','Active'),(1241,241,'2016-01-07','Active'),(1242,242,'2016-01-08','Active'),(1243,243,'2016-01-09','Active'),(1244,244,'2016-01-10','Active'),(1245,245,'2016-01-11','Active'),(1246,246,'2016-01-12','Active'),(1247,247,'2016-01-13','Active'),(1248,248,'2016-01-14','Active'),(1249,249,'2016-01-15','Active'),(1250,250,'2016-01-16','Active'),(1251,251,'2016-01-17','Active'),(1252,252,'2016-01-18','Active'),(1253,253,'2016-01-19','Active'),(1254,254,'2016-01-20','Active'),(1255,255,'2016-01-21','Active'),(1256,256,'2016-01-22','Active'),(1257,257,'2016-01-23','Active'),(1258,258,'2016-01-24','Active'),(1259,259,'2016-01-25','Active'),(1260,260,'2016-01-26','Inactive'),(1261,261,'2016-01-27','Active'),(1262,262,'2016-01-28','Active'),(1263,263,'2016-01-29','Active'),(1264,264,'2016-01-30','Active'),(1265,265,'2016-01-31','Active'),(1266,266,'2016-02-01','Active'),(1267,267,'2016-02-02','Active'),(1268,268,'2016-02-03','Active'),(1269,269,'2016-02-04','Active'),(1270,270,'2016-02-05','Active'),(1271,271,'2016-02-06','Active'),(1272,272,'2016-02-07','Active'),(1273,273,'2016-02-08','Active'),(1274,274,'2016-02-09','Active'),(1275,275,'2016-02-10','Active'),(1276,276,'2016-02-11','Active'),(1277,277,'2016-02-12','Active'),(1278,278,'2016-02-13','Active'),(1279,279,'2016-02-14','Active'),(1280,280,'2016-02-15','Active'),(1281,281,'2016-02-16','Active'),(1282,282,'2016-02-17','Active'),(1283,283,'2016-02-18','Inactive'),(1284,284,'2016-02-19','Active'),(1285,285,'2016-02-20','Active'),(1286,286,'2016-02-21','Active'),(1287,287,'2016-02-22','Active'),(1288,288,'2016-02-23','Active'),(1289,289,'2016-02-24','Active'),(1290,290,'2016-02-25','Active'),(1291,291,'2016-02-26','Active'),(1292,292,'2016-02-27','Active'),(1293,293,'2016-02-28','Active'),(1294,294,'2016-02-29','Active'),(1295,295,'2016-03-01','Active'),(1296,296,'2016-03-02','Active'),(1297,297,'2016-03-03','Active'),(1298,298,'2016-03-04','Active'),(1299,299,'2016-03-05','Active'),(1300,300,'2016-03-06','Inactive'),(1301,301,'2016-03-07','Active'),(1302,302,'2016-03-08','Active'),(1303,303,'2016-03-09','Active'),(1304,304,'2016-03-10','Active'),(1305,305,'2016-03-11','Active'),(1306,306,'2016-03-12','Active'),(1307,307,'2016-03-13','Active'),(1308,308,'2016-03-14','Active'),(1309,309,'2016-03-15','Active'),(1310,310,'2016-03-16','Active'),(1317,311,'2015-12-04 13:12:37','Active');
/*!40000 ALTER TABLE `voter` ENABLE KEYS */;
UNLOCK TABLES;

--
-- Table structure for table `voter_expectation`
--

DROP TABLE IF EXISTS `voter_expectation`;
/*!40101 SET @saved_cs_client     = @@character_set_client */;
/*!40101 SET character_set_client = utf8 */;
CREATE TABLE `voter_expectation` (
  `voter_id` int(11) DEFAULT NULL,
  `expectation` varchar(55) DEFAULT NULL,
  KEY `voter_id` (`voter_id`),
  CONSTRAINT `voter_expectation_ibfk_1` FOREIGN KEY (`voter_id`) REFERENCES `voter` (`voter_id`)
) ENGINE=InnoDB DEFAULT CHARSET=utf8;
/*!40101 SET character_set_client = @saved_cs_client */;

--
-- Dumping data for table `voter_expectation`
--

LOCK TABLES `voter_expectation` WRITE;
/*!40000 ALTER TABLE `voter_expectation` DISABLE KEYS */;
INSERT INTO `voter_expectation` VALUES (1019,'Job Opportunities'),(1040,'Job Opportunities'),(1066,'Job Opportunities'),(1092,'Job Opportunities'),(1095,'Job Opportunities'),(1115,'Tax reduction'),(1127,'Tax reduction'),(1133,'Tax reduction'),(1135,'Tax reduction'),(1139,'Reduce Crime'),(1151,'Job Opportunities'),(1162,'Tax reduction'),(1167,'Job Opportunities'),(1173,'Job Opportunities'),(1199,'Job Opportunities'),(1201,'Job Opportunities'),(1214,'Reduce Crime'),(1281,'Reduce Crime'),(1289,'Reduce Crime'),(1304,'Better Education'),(1008,'Reduce Crime'),(1015,'Reduce Crime'),(1022,'Reduce Crime'),(1059,'Reduce Crime'),(1067,'Reduce Crime'),(1077,'Reduce Crime'),(1081,'Reduce Crime'),(1094,'Reduce Crime'),(1097,'Reduce Crime'),(1100,'Reduce Crime'),(1105,'Reduce Crime'),(1108,'Tax reduction'),(1120,'Tax reduction'),(1177,'Tax reduction'),(1196,'Tax reduction'),(1207,'Tax reduction'),(1219,'Tax reduction'),(1239,'Tax reduction'),(1240,'Better Education'),(1284,'Other'),(1002,'Job Opportunities'),(1004,'Job Opportunities'),(1007,'Job Opportunities'),(1012,'Job Opportunities'),(1030,'Job Opportunities'),(1035,'Job Opportunities'),(1048,'Job Opportunities'),(1054,'Job Opportunities'),(1055,'Job Opportunities'),(1072,'Job Opportunities'),(1093,'Job Opportunities'),(1107,'Job Opportunities'),(1118,'Job Opportunities'),(1122,'Other'),(1126,'Other'),(1142,'Other'),(1161,'Other'),(1170,'Other'),(1171,'Other'),(1179,'Other'),(1198,'Other'),(1217,'Other'),(1222,'Other'),(1234,'Other'),(1236,'Other'),(1247,'Other'),(1249,'Other'),(1256,'Other'),(1259,'Other'),(1264,'Other'),(1272,'Other'),(1006,'Other'),(1014,'Tax reduction'),(1020,'Tax reduction'),(1021,'Tax reduction'),(1023,'Tax reduction'),(1027,'Tax reduction'),(1029,'Tax reduction'),(1036,'Tax reduction'),(1042,'Tax reduction'),(1043,'Tax reduction'),(1044,'Tax reduction'),(1045,'Tax reduction'),(1046,'Tax reduction'),(1047,'Tax reduction'),(1053,'Tax reduction'),(1058,'Tax reduction'),(1061,'Tax reduction'),(1062,'Tax reduction'),(1064,'Tax reduction'),(1069,'Tax reduction'),(1080,'Tax reduction'),(1085,'Tax reduction'),(1087,'Tax reduction'),(1090,'Tax reduction'),(1099,'Tax reduction'),(1102,'Tax reduction'),(1104,'Tax reduction'),(1109,'Tax reduction'),(1114,'Tax reduction'),(1121,'Tax reduction'),(1130,'Tax reduction'),(1132,'Tax reduction'),(1149,'Tax reduction'),(1160,'Tax reduction'),(1166,'Tax reduction'),(1168,'Tax reduction'),(1175,'Tax reduction'),(1178,'Tax reduction'),(1180,'Tax reduction'),(1181,'Tax reduction'),(1182,'Tax reduction'),(1191,'Tax reduction'),(1202,'Tax reduction'),(1205,'Tax reduction'),(1209,'Tax reduction'),(1213,'Tax reduction'),(1218,'Better Education'),(1223,'Tax reduction'),(1225,'Tax reduction'),(1226,'Tax reduction'),(1228,'Tax reduction'),(1229,'Job Opportunities'),(1230,'Tax reduction'),(1232,'Tax reduction'),(1233,'Tax reduction'),(1238,'Tax reduction'),(1245,'Tax reduction'),(1248,'Tax reduction'),(1253,'Tax reduction'),(1254,'Tax reduction'),(1255,'Tax reduction'),(1267,'Tax reduction'),(1268,'Tax reduction'),(1269,'Tax reduction'),(1269,'Tax reduction'),(1271,'Tax reduction'),(1274,'Tax reduction'),(1276,'Tax reduction'),(1278,'Job Opportunities'),(1282,'Job Opportunities'),(1285,'Job Opportunities'),(1293,'Tax reduction'),(1294,'Tax reduction'),(1298,'Job Opportunities'),(1305,'Tax reduction'),(1309,'Other'),(1051,'Better Education'),(1057,'Better Education'),(1083,'Better Education'),(1101,'Better Education'),(1117,'Reduce Crime'),(1164,'Tax reduction'),(1172,'Tax reduction'),(1208,'Tax reduction'),(1211,'Job Opportunities'),(1252,'Tax reduction'),(1265,'Job Opportunities'),(1288,'Reduce Crime'),(1003,'Better Education'),(1009,'Better Education'),(1063,'Better Education'),(1065,'Better Education'),(1074,'Better Education'),(1113,'Better Education'),(1125,'Reduce Crime'),(1136,'Better Education'),(1140,'Better Education'),(1153,'Better Education'),(1156,'Better Education'),(1184,'Better Education'),(1185,'Reduce Crime'),(1190,'Better Education'),(1192,'Better Education'),(1197,'Job Opportunities'),(1200,'Job Opportunities'),(1204,'Job Opportunities'),(1231,'Job Opportunities'),(1237,'Job Opportunities'),(1241,'Job Opportunities'),(1243,'Job Opportunities'),(1258,'Job Opportunities'),(1262,'Job Opportunities'),(1273,'Better Education'),(1280,'Tax reduction'),(1287,'Tax reduction'),(1292,'Better Education'),(1299,'Tax reduction'),(1306,'Tax reduction'),(1005,'Tax reduction'),(1010,'Better Education'),(1011,'Better Education'),(1016,'Better Education'),(1017,'Better Education'),(1018,'Better Education'),(1024,'Better Education'),(1025,'Reduce Crime'),(1026,'Better Education'),(1028,'Better Education'),(1031,'Better Education'),(1032,'Better Education'),(1033,'Better Education'),(1034,'Better Education'),(1037,'Better Education'),(1038,'Better Education'),(1039,'Better Education'),(1041,'Tax reduction'),(1049,'Other'),(1050,'Better Education'),(1052,'Better Education'),(1056,'Better Education'),(1060,'Tax reduction'),(1068,'Better Education'),(1073,'Better Education'),(1075,'Better Education'),(1076,'Tax reduction'),(1078,'Better Education'),(1079,'Better Education'),(1082,'Better Education'),(1084,'Better Education'),(1086,'Better Education'),(1088,'Job Opportunities'),(1089,'Job Opportunities'),(1091,'Job Opportunities'),(1096,'Job Opportunities'),(1098,'Job Opportunities'),(1103,'Other'),(1106,'Better Education'),(1111,'Better Education'),(1116,'Better Education'),(1119,'Better Education'),(1123,'Job Opportunities'),(1124,'Job Opportunities'),(1128,'Job Opportunities'),(1129,'Job Opportunities'),(1131,'Job Opportunities'),(1134,'Job Opportunities'),(1137,'Job Opportunities'),(1138,'Job Opportunities'),(1141,'Job Opportunities'),(1143,'Tax reduction'),(1144,'Reduce Crime'),(1145,'Job Opportunities'),(1146,'Other'),(1147,'Reduce Crime'),(1150,'Job Opportunities'),(1152,'Other'),(1154,'Better Education'),(1155,'Job Opportunities'),(1157,'Job Opportunities'),(1159,'Better Education'),(1163,'Job Opportunities'),(1165,'Other'),(1169,'Job Opportunities'),(1174,'Job Opportunities'),(1176,'Better Education'),(1183,'Job Opportunities'),(1187,'Job Opportunities'),(1188,'Job Opportunities'),(1189,'Job Opportunities'),(1193,'Reduce Crime'),(1195,'Better Education'),(1203,'Job Opportunities'),(1206,'Job Opportunities'),(1210,'Job Opportunities'),(1212,'Job Opportunities'),(1215,'Better Education'),(1216,'Job Opportunities'),(1221,'Other'),(1224,'Job Opportunities'),(1227,'Job Opportunities'),(1235,'Job Opportunities'),(1242,'Tax reduction'),(1244,'Job Opportunities'),(1246,'Job Opportunities'),(1250,'Job Opportunities'),(1251,'Job Opportunities'),(1257,'Other'),(1261,'Job Opportunities'),(1263,'Job Opportunities'),(1266,'Other'),(1270,'Reduce Crime'),(1275,'Job Opportunities'),(1277,'Other'),(1279,'Reduce Crime'),(1286,'Job Opportunities'),(1290,'Job Opportunities'),(1291,'Job Opportunities'),(1295,'Job Opportunities'),(1296,'Job Opportunities'),(1297,'Reduce Crime'),(1301,'Other'),(1302,'Job Opportunities'),(1303,'Job Opportunities'),(1307,'Other'),(1308,'Job Opportunities'),(1310,'Other');
/*!40000 ALTER TABLE `voter_expectation` ENABLE KEYS */;
UNLOCK TABLES;

--
-- Temporary view structure for view `votes_precinct_party`
--

DROP TABLE IF EXISTS `votes_precinct_party`;
/*!50001 DROP VIEW IF EXISTS `votes_precinct_party`*/;
SET @saved_cs_client     = @@character_set_client;
SET character_set_client = utf8;
/*!50001 CREATE VIEW `votes_precinct_party` AS SELECT 
 1 AS `precinct_division`,
 1 AS `party_name`,
 1 AS `votes_count`*/;
SET character_set_client = @saved_cs_client;

--
-- Table structure for table `zip_precinct`
--

DROP TABLE IF EXISTS `zip_precinct`;
/*!40101 SET @saved_cs_client     = @@character_set_client */;
/*!40101 SET character_set_client = utf8 */;
CREATE TABLE `zip_precinct` (
  `zip_code` int(50) NOT NULL,
  `precinct_id` int(50) DEFAULT NULL,
  PRIMARY KEY (`zip_code`),
  KEY `precinct_fk_idx` (`precinct_id`),
  CONSTRAINT `precinct_fk` FOREIGN KEY (`precinct_id`) REFERENCES `precinct` (`precinct_id`) ON DELETE NO ACTION ON UPDATE NO ACTION
) ENGINE=InnoDB DEFAULT CHARSET=utf8;
/*!40101 SET character_set_client = @saved_cs_client */;

--
-- Dumping data for table `zip_precinct`
--

LOCK TABLES `zip_precinct` WRITE;
/*!40000 ALTER TABLE `zip_precinct` DISABLE KEYS */;
INSERT INTO `zip_precinct` VALUES (28203,1),(28270,1),(28273,1),(28277,1),(28278,1),(28202,2),(28205,2),(28209,2),(28213,2),(28269,2),(28206,3),(28216,3),(28226,3),(28227,3),(28262,3),(28207,4),(28208,4),(28210,4),(28212,4),(28217,4),(28204,5),(28211,5),(28214,5),(28215,5),(28223,5),(28031,6),(28035,7),(28036,7),(28078,8),(28105,9),(28107,10),(28134,11);
/*!40000 ALTER TABLE `zip_precinct` ENABLE KEYS */;
UNLOCK TABLES;

--
-- Final view structure for view `candidate_details`
--

/*!50001 DROP VIEW IF EXISTS `candidate_details`*/;
/*!50001 SET @saved_cs_client          = @@character_set_client */;
/*!50001 SET @saved_cs_results         = @@character_set_results */;
/*!50001 SET @saved_col_connection     = @@collation_connection */;
/*!50001 SET character_set_client      = utf8 */;
/*!50001 SET character_set_results     = utf8 */;
/*!50001 SET collation_connection      = utf8_general_ci */;
/*!50001 CREATE ALGORITHM=UNDEFINED */
/*!50013 DEFINER=`root`@`localhost` SQL SECURITY DEFINER */
/*!50001 VIEW `candidate_details` AS select `candidate`.`candidate_email` AS `candidate_email`,`candidate`.`candidate_name` AS `candidate_name`,`candidate`.`candidate_political_exp` AS `candidate_political_exp`,`candidate`.`candidate_professional_exp` AS `candidate_professional_exp`,`candidate`.`candidate_education_qualifications` AS `candidate_education_qualifications`,`candidate`.`candidate_motive` AS `candidate_motive`,`candidate`.`total_fund_raised` AS `total_fund_raised`,`candidate`.`personal_net_worth` AS `personal_net_worth`,`candidate`.`amount_spent` AS `amount_spent`,`party`.`party_name` AS `party_name`,`position_info`.`position_name` AS `position_name`,`precinct`.`precinct_division` AS `precinct_division`,`candidate`.`candidate_website` AS `candidate_website`,`candidate`.`candidate_id` AS `candidate_id` from (((`candidate` join `party` on((`candidate`.`party_id` = `party`.`party_id`))) join `position_info` on((`candidate`.`position_id` = `position_info`.`position_id`))) join `precinct` on((`candidate`.`precinct_id` = `precinct`.`precinct_id`))) */;
/*!50001 SET character_set_client      = @saved_cs_client */;
/*!50001 SET character_set_results     = @saved_cs_results */;
/*!50001 SET collation_connection      = @saved_col_connection */;

--
-- Final view structure for view `election_vote_result`
--

/*!50001 DROP VIEW IF EXISTS `election_vote_result`*/;
/*!50001 SET @saved_cs_client          = @@character_set_client */;
/*!50001 SET @saved_cs_results         = @@character_set_results */;
/*!50001 SET @saved_col_connection     = @@collation_connection */;
/*!50001 SET character_set_client      = utf8 */;
/*!50001 SET character_set_results     = utf8 */;
/*!50001 SET collation_connection      = utf8_general_ci */;
/*!50001 CREATE ALGORITHM=UNDEFINED */
/*!50013 DEFINER=`root`@`localhost` SQL SECURITY DEFINER */
/*!50001 VIEW `election_vote_result` AS select `c`.`candidate_name` AS `candidate_name`,`pi`.`position_name` AS `position_name`,`party`.`party_name` AS `party_name`,`pi`.`position_id` AS `position_id`,`pre`.`precinct_id` AS `precinct_id`,`pre`.`precinct_division` AS `precinct_division`,concat(`pi`.`position_name`,', ',`pre`.`precinct_division`) AS `pos_pre`,(select count(0) from `cast_vote` where (`cast_vote`.`candidate_id` = `c`.`candidate_id`)) AS `vote_count` from (((`candidate` `c` join `position_info` `pi` on((`c`.`position_id` = `pi`.`position_id`))) join `precinct` `pre`) join `party` on(((`pre`.`precinct_id` = `c`.`precinct_id`) and (`party`.`party_id` = `c`.`party_id`)))) */;
/*!50001 SET character_set_client      = @saved_cs_client */;
/*!50001 SET character_set_results     = @saved_cs_results */;
/*!50001 SET collation_connection      = @saved_col_connection */;

--
-- Final view structure for view `prof_expec`
--

/*!50001 DROP VIEW IF EXISTS `prof_expec`*/;
/*!50001 SET @saved_cs_client          = @@character_set_client */;
/*!50001 SET @saved_cs_results         = @@character_set_results */;
/*!50001 SET @saved_col_connection     = @@collation_connection */;
/*!50001 SET character_set_client      = utf8 */;
/*!50001 SET character_set_results     = utf8 */;
/*!50001 SET collation_connection      = utf8_general_ci */;
/*!50001 CREATE ALGORITHM=UNDEFINED */
/*!50013 DEFINER=`root`@`localhost` SQL SECURITY DEFINER */
/*!50001 VIEW `prof_expec` AS select `u`.`user_profession` AS `user_profession`,`ve`.`expectation` AS `expectation`,count(`ve`.`expectation`) AS `count_expectation` from ((`voter_expectation` `ve` join `voter` `v`) join `user` `u` on(((`ve`.`voter_id` = `v`.`voter_id`) and (`v`.`user_id` = `u`.`user_id`)))) group by `ve`.`expectation`,`u`.`user_profession` order by `u`.`user_profession`,`ve`.`expectation` */;
/*!50001 SET character_set_client      = @saved_cs_client */;
/*!50001 SET character_set_results     = @saved_cs_results */;
/*!50001 SET collation_connection      = @saved_col_connection */;

--
-- Final view structure for view `votes_precinct_party`
--

/*!50001 DROP VIEW IF EXISTS `votes_precinct_party`*/;
/*!50001 SET @saved_cs_client          = @@character_set_client */;
/*!50001 SET @saved_cs_results         = @@character_set_results */;
/*!50001 SET @saved_col_connection     = @@collation_connection */;
/*!50001 SET character_set_client      = utf8 */;
/*!50001 SET character_set_results     = utf8 */;
/*!50001 SET collation_connection      = utf8_general_ci */;
/*!50001 CREATE ALGORITHM=UNDEFINED */
/*!50013 DEFINER=`root`@`localhost` SQL SECURITY DEFINER */
/*!50001 VIEW `votes_precinct_party` AS select `election_vote_result`.`precinct_division` AS `precinct_division`,`election_vote_result`.`party_name` AS `party_name`,sum(`election_vote_result`.`vote_count`) AS `votes_count` from `election_vote_result` group by `election_vote_result`.`party_name`,`election_vote_result`.`precinct_division` */;
/*!50001 SET character_set_client      = @saved_cs_client */;
/*!50001 SET character_set_results     = @saved_cs_results */;
/*!50001 SET collation_connection      = @saved_col_connection */;
/*!40103 SET TIME_ZONE=@OLD_TIME_ZONE */;

/*!40101 SET SQL_MODE=@OLD_SQL_MODE */;
/*!40014 SET FOREIGN_KEY_CHECKS=@OLD_FOREIGN_KEY_CHECKS */;
/*!40014 SET UNIQUE_CHECKS=@OLD_UNIQUE_CHECKS */;
/*!40101 SET CHARACTER_SET_CLIENT=@OLD_CHARACTER_SET_CLIENT */;
/*!40101 SET CHARACTER_SET_RESULTS=@OLD_CHARACTER_SET_RESULTS */;
/*!40101 SET COLLATION_CONNECTION=@OLD_COLLATION_CONNECTION */;
/*!40111 SET SQL_NOTES=@OLD_SQL_NOTES */;

-- Dump completed on 2015-12-04 16:55:45
