"election_id";"voter_id";"candidate_id";"position_id";"vote_time"
1;1002;1;1;"2015-12-01 10:30:00"
1;1002;8;2;"2015-12-01 10:30:00"
1;1002;11;3;"2015-12-01 10:30:00"
1;1002;17;4;"2015-12-01 10:30:00"
1;1003;4;1;"2015-12-01 10:30:00"
1;1003;8;2;"2015-12-01 10:30:00"
1;1003;12;3;"2015-12-01 10:30:00"
1;1003;16;4;"2015-12-01 10:30:00"
1;1004;5;1;"2015-12-01 10:30:00"
1;1004;8;2;"2015-12-01 10:30:00"
1;1004;15;3;"2015-12-01 10:30:00"
1;1004;17;4;"2015-12-01 10:30:00"
1;1005;6;1;"2015-12-01 10:30:00"
1;1005;8;2;"2015-12-01 10:30:00"
1;1005;11;3;"2015-12-01 10:30:00"
1;1005;16;4;"2015-12-01 10:30:00"
1;1006;6;1;"2015-12-01 10:30:00"
1;1006;9;2;"2015-12-01 10:30:00"
1;1006;10;3;"2015-12-01 10:30:00"
1;1006;19;4;"2015-12-01 10:30:00"
1;1007;1;1;"2015-12-01 10:30:00"
1;1007;9;2;"2015-12-01 10:30:00"
1;1007;12;3;"2015-12-01 10:30:00"
1;1007;18;4;"2015-12-01 10:30:00"
1;1008;4;1;"2015-12-01 10:30:00"
1;1008;9;2;"2015-12-01 10:30:00"
1;1008;10;3;"2015-12-01 10:30:00"
1;1008;18;4;"2015-12-01 10:30:00"
1;1009;2;1;"2015-12-01 10:30:00"
1;1009;9;2;"2015-12-01 10:30:00"
1;1009;12;3;"2015-12-01 10:30:00"
1;1009;18;4;"2015-12-01 10:30:00"
1;1010;2;1;"2015-12-01 10:30:00"
1;1010;8;2;"2015-12-01 10:30:00"
1;1010;11;3;"2015-12-01 10:30:00"
1;1010;16;4;"2015-12-01 10:30:00"
1;1011;6;1;"2015-12-01 10:30:00"
1;1011;8;2;"2015-12-01 10:30:00"
1;1011;14;3;"2015-12-01 10:30:00"
1;1011;19;4;"2015-12-01 10:30:00"
1;1012;7;1;"2015-12-01 10:30:00"
1;1012;8;2;"2015-12-01 10:30:00"
1;1012;12;3;"2015-12-01 10:30:00"
1;1012;19;4;"2015-12-01 10:30:00"
1;1014;3;1;"2015-12-01 10:30:00"
1;1014;9;2;"2015-12-01 10:30:00"
1;1014;14;3;"2015-12-01 10:30:00"
1;1014;18;4;"2015-12-01 10:30:00"
1;1015;4;1;"2015-12-01 10:30:00"
1;1015;8;2;"2015-12-01 10:30:00"
1;1015;13;3;"2015-12-01 10:30:00"
1;1015;19;4;"2015-12-01 10:30:00"
1;1016;3;1;"2015-12-01 10:30:00"
1;1016;9;2;"2015-12-01 10:30:00"
1;1016;12;3;"2015-12-01 10:30:00"
1;1016;16;4;"2015-12-01 10:30:00"
1;1017;2;1;"2015-12-01 10:30:00"
1;1017;9;2;"2015-12-01 10:30:00"
1;1017;12;3;"2015-12-01 10:30:00"
1;1017;16;4;"2015-12-01 10:30:00"
1;1018;5;1;"2015-12-01 10:30:00"
1;1018;8;2;"2015-12-01 10:30:00"
1;1018;13;3;"2015-12-01 10:30:00"
1;1018;20;4;"2015-12-01 10:30:00"
1;1019;1;1;"2015-12-01 10:30:00"
1;1019;8;2;"2015-12-01 10:30:00"
1;1019;10;3;"2015-12-01 10:30:00"
1;1019;20;4;"2015-12-01 10:30:00"
1;1020;2;1;"2015-12-01 10:30:00"
1;1020;9;2;"2015-12-01 10:30:00"
1;1020;11;3;"2015-12-01 10:30:00"
1;1020;21;4;"2015-12-01 10:30:00"
1;1021;1;1;"2015-12-01 10:30:00"
1;1021;8;2;"2015-12-01 10:30:00"
1;1021;10;3;"2015-12-01 10:30:00"
1;1021;18;4;"2015-12-01 10:30:00"
1;1022;6;1;"2015-12-01 10:30:00"
1;1022;8;2;"2015-12-01 10:30:00"
1;1022;14;3;"2015-12-01 10:30:00"
1;1022;21;4;"2015-12-01 10:30:00"
1;1023;3;1;"2015-12-01 10:30:00"
1;1023;8;2;"2015-12-01 10:30:00"
1;1023;11;3;"2015-12-01 10:30:00"
1;1023;20;4;"2015-12-01 10:30:00"
1;1024;2;1;"2015-12-01 10:30:00"
1;1024;8;2;"2015-12-01 10:30:00"
1;1024;14;3;"2015-12-01 10:30:00"
1;1024;16;4;"2015-12-01 10:30:00"
1;1025;6;1;"2015-12-01 10:30:00"
1;1025;8;2;"2015-12-01 10:30:00"
1;1025;12;3;"2015-12-01 10:30:00"
1;1025;18;4;"2015-12-01 10:30:00"
1;1026;7;1;"2015-12-01 10:30:00"
1;1026;9;2;"2015-12-01 10:30:00"
1;1026;12;3;"2015-12-01 10:30:00"
1;1026;21;4;"2015-12-01 10:30:00"
1;1027;7;1;"2015-12-01 10:30:00"
1;1027;9;2;"2015-12-01 10:30:00"
1;1027;14;3;"2015-12-01 10:30:00"
1;1027;20;4;"2015-12-01 10:30:00"
1;1028;3;1;"2015-12-01 10:30:00"
1;1028;9;2;"2015-12-01 10:30:00"
1;1028;12;3;"2015-12-01 10:30:00"
1;1028;18;4;"2015-12-01 10:30:00"
1;1029;4;1;"2015-12-01 10:30:00"
1;1029;9;2;"2015-12-01 10:30:00"
1;1029;10;3;"2015-12-01 10:30:00"
1;1029;17;4;"2015-12-01 10:30:00"
1;1030;7;1;"2015-12-01 10:30:00"
1;1030;9;2;"2015-12-01 10:30:00"
1;1030;10;3;"2015-12-01 10:30:00"
1;1030;19;4;"2015-12-01 10:30:00"
1;1031;4;1;"2015-12-01 10:30:00"
1;1031;9;2;"2015-12-01 10:30:00"
1;1031;13;3;"2015-12-01 10:30:00"
1;1031;19;4;"2015-12-01 10:30:00"
1;1032;6;1;"2015-12-01 10:30:00"
1;1032;8;2;"2015-12-01 10:30:00"
1;1032;14;3;"2015-12-01 10:30:00"
1;1032;21;4;"2015-12-01 10:30:00"
1;1033;5;1;"2015-12-01 10:30:00"
1;1033;9;2;"2015-12-01 10:30:00"
1;1033;11;3;"2015-12-01 10:30:00"
1;1033;18;4;"2015-12-01 10:30:00"
1;1034;6;1;"2015-12-01 10:30:00"
1;1034;9;2;"2015-12-01 10:30:00"
1;1034;12;3;"2015-12-01 10:30:00"
1;1034;20;4;"2015-12-01 10:30:00"
1;1035;2;1;"2015-12-01 10:30:00"
1;1035;8;2;"2015-12-01 10:30:00"
1;1035;13;3;"2015-12-01 10:30:00"
1;1035;18;4;"2015-12-01 10:30:00"
1;1036;5;1;"2015-12-01 10:30:00"
1;1036;9;2;"2015-12-01 10:30:00"
1;1036;14;3;"2015-12-01 10:30:00"
1;1036;17;4;"2015-12-01 10:30:00"
1;1037;1;1;"2015-12-01 10:30:00"
1;1037;9;2;"2015-12-01 10:30:00"
1;1037;13;3;"2015-12-01 10:30:00"
1;1037;20;4;"2015-12-01 10:30:00"
1;1038;2;1;"2015-12-01 10:30:00"
1;1038;8;2;"2015-12-01 10:30:00"
1;1038;14;3;"2015-12-01 10:30:00"
1;1038;23;4;"2015-12-01 10:30:00"
1;1039;7;1;"2015-12-01 10:30:00"
1;1039;9;2;"2015-12-01 10:30:00"
1;1039;14;3;"2015-12-01 10:30:00"
1;1039;21;4;"2015-12-01 10:30:00"
1;1040;2;1;"2015-12-01 10:30:00"
1;1040;8;2;"2015-12-01 10:30:00"
1;1040;10;3;"2015-12-01 10:30:00"
1;1040;18;4;"2015-12-01 10:30:00"
1;1041;1;1;"2015-12-01 10:30:00"
1;1041;8;2;"2015-12-01 10:30:00"
1;1041;14;3;"2015-12-01 10:30:00"
1;1041;21;4;"2015-12-01 10:30:00"
1;1042;5;1;"2015-12-01 10:30:00"
1;1042;9;2;"2015-12-01 10:30:00"
1;1042;11;3;"2015-12-01 10:30:00"
1;1042;20;4;"2015-12-01 10:30:00"
1;1043;6;1;"2015-12-01 10:30:00"
1;1043;9;2;"2015-12-01 10:30:00"
1;1043;11;3;"2015-12-01 10:30:00"
1;1043;21;4;"2015-12-01 10:30:00"
1;1044;7;1;"2015-12-01 10:30:00"
1;1044;9;2;"2015-12-01 10:30:00"
1;1044;10;3;"2015-12-01 10:30:00"
1;1044;17;4;"2015-12-01 10:30:00"
1;1045;1;1;"2015-12-01 10:30:00"
1;1045;9;2;"2015-12-01 10:30:00"
1;1045;12;3;"2015-12-01 10:30:00"
1;1045;23;4;"2015-12-01 10:30:00"
1;1046;1;1;"2015-12-01 10:30:00"
1;1046;9;2;"2015-12-01 10:30:00"
1;1046;15;3;"2015-12-01 10:30:00"
1;1046;22;4;"2015-12-01 10:30:00"
1;1047;2;1;"2015-12-01 10:30:00"
1;1047;9;2;"2015-12-01 10:30:00"
1;1047;14;3;"2015-12-01 10:30:00"
1;1047;22;4;"2015-12-01 10:30:00"
1;1048;3;1;"2015-12-01 10:30:00"
1;1048;8;2;"2015-12-01 10:30:00"
1;1048;11;3;"2015-12-01 10:30:00"
1;1048;22;4;"2015-12-01 10:30:00"
1;1049;4;1;"2015-12-01 10:30:00"
1;1049;8;2;"2015-12-01 10:30:00"
1;1049;14;3;"2015-12-01 10:30:00"
1;1049;17;4;"2015-12-01 10:30:00"
1;1050;6;1;"2015-12-01 11:30:00"
1;1050;8;2;"2015-12-01 11:30:00"
1;1050;12;3;"2015-12-01 11:30:00"
1;1050;25;4;"2015-12-01 11:30:00"
1;1051;3;1;"2015-12-01 11:30:00"
1;1051;9;2;"2015-12-01 11:30:00"
1;1051;13;3;"2015-12-01 11:30:00"
1;1051;24;4;"2015-12-01 11:30:00"
1;1052;2;1;"2015-12-01 11:30:00"
1;1052;8;2;"2015-12-01 11:30:00"
1;1052;15;3;"2015-12-01 11:30:00"
1;1052;23;4;"2015-12-01 11:30:00"
1;1053;3;1;"2015-12-01 11:30:00"
1;1053;8;2;"2015-12-01 11:30:00"
1;1053;15;3;"2015-12-01 11:30:00"
1;1053;23;4;"2015-12-01 11:30:00"
1;1054;7;1;"2015-12-01 11:30:00"
1;1054;9;2;"2015-12-01 11:30:00"
1;1054;10;3;"2015-12-01 11:30:00"
1;1054;23;4;"2015-12-01 11:30:00"
1;1055;4;1;"2015-12-01 11:30:00"
1;1055;9;2;"2015-12-01 11:30:00"
1;1055;11;3;"2015-12-01 11:30:00"
1;1055;17;4;"2015-12-01 11:30:00"
1;1056;5;1;"2015-12-01 11:30:00"
1;1056;9;2;"2015-12-01 11:30:00"
1;1056;11;3;"2015-12-01 11:30:00"
1;1056;20;4;"2015-12-01 11:30:00"
1;1057;2;1;"2015-12-01 11:30:00"
1;1057;8;2;"2015-12-01 11:30:00"
1;1057;15;3;"2015-12-01 11:30:00"
1;1057;16;4;"2015-12-01 11:30:00"
1;1058;5;1;"2015-12-01 11:30:00"
1;1058;9;2;"2015-12-01 11:30:00"
1;1058;11;3;"2015-12-01 11:30:00"
1;1058;21;4;"2015-12-01 11:30:00"
1;1059;7;1;"2015-12-01 11:30:00"
1;1059;8;2;"2015-12-01 11:30:00"
1;1059;10;3;"2015-12-01 11:30:00"
1;1059;24;4;"2015-12-01 11:30:00"
1;1060;7;1;"2015-12-01 11:30:00"
1;1060;8;2;"2015-12-01 11:30:00"
1;1060;14;3;"2015-12-01 11:30:00"
1;1060;23;4;"2015-12-01 11:30:00"
1;1061;7;1;"2015-12-01 11:30:00"
1;1061;9;2;"2015-12-01 11:30:00"
1;1061;13;3;"2015-12-01 11:30:00"
1;1061;20;4;"2015-12-01 11:30:00"
1;1062;1;1;"2015-12-01 11:30:00"
1;1062;9;2;"2015-12-01 11:30:00"
1;1062;12;3;"2015-12-01 11:30:00"
1;1062;24;4;"2015-12-01 11:30:00"
1;1063;6;1;"2015-12-01 11:30:00"
1;1063;8;2;"2015-12-01 11:30:00"
1;1063;14;3;"2015-12-01 11:30:00"
1;1063;17;4;"2015-12-01 11:30:00"
1;1064;3;1;"2015-12-01 11:30:00"
1;1064;9;2;"2015-12-01 11:30:00"
1;1064;12;3;"2015-12-01 11:30:00"
1;1064;25;4;"2015-12-01 11:30:00"
1;1065;9;2;"2015-12-01 11:30:00"
1;1065;13;3;"2015-12-01 11:30:00"
1;1065;20;4;"2015-12-01 11:30:00"
1;1066;2;1;"2015-12-01 11:30:00"
1;1066;9;2;"2015-12-01 11:30:00"
1;1066;11;3;"2015-12-01 11:30:00"
1;1066;17;4;"2015-12-01 11:30:00"
1;1067;2;1;"2015-12-01 11:30:00"
1;1067;8;2;"2015-12-01 11:30:00"
1;1067;10;3;"2015-12-01 11:30:00"
1;1067;23;4;"2015-12-01 11:30:00"
1;1068;6;1;"2015-12-01 11:30:00"
1;1068;9;2;"2015-12-01 11:30:00"
1;1068;11;3;"2015-12-01 11:30:00"
1;1068;19;4;"2015-12-01 11:30:00"
1;1069;4;1;"2015-12-01 11:30:00"
1;1069;9;2;"2015-12-01 11:30:00"
1;1069;10;3;"2015-12-01 11:30:00"
1;1069;19;4;"2015-12-01 11:30:00"
1;1072;1;1;"2015-12-01 11:30:00"
1;1072;8;2;"2015-12-01 11:30:00"
1;1072;10;3;"2015-12-01 11:30:00"
1;1072;16;4;"2015-12-01 11:30:00"
1;1073;3;1;"2015-12-01 11:30:00"
1;1073;9;2;"2015-12-01 11:30:00"
1;1073;14;3;"2015-12-01 11:30:00"
1;1073;25;4;"2015-12-01 11:30:00"
1;1074;2;1;"2015-12-01 11:30:00"
1;1074;8;2;"2015-12-01 11:30:00"
1;1074;10;3;"2015-12-01 11:30:00"
1;1074;25;4;"2015-12-01 11:30:00"
1;1075;4;1;"2015-12-01 11:30:00"
1;1075;8;2;"2015-12-01 11:30:00"
1;1075;12;3;"2015-12-01 11:30:00"
1;1075;22;4;"2015-12-01 11:30:00"
1;1076;3;1;"2015-12-01 11:30:00"
1;1076;9;2;"2015-12-01 11:30:00"
1;1076;13;3;"2015-12-01 11:30:00"
1;1076;24;4;"2015-12-01 11:30:00"
1;1077;3;1;"2015-12-01 11:30:00"
1;1077;8;2;"2015-12-01 11:30:00"
1;1077;10;3;"2015-12-01 11:30:00"
1;1077;24;4;"2015-12-01 11:30:00"
1;1078;4;1;"2015-12-01 11:30:00"
1;1078;9;2;"2015-12-01 11:30:00"
1;1078;11;3;"2015-12-01 11:30:00"
1;1078;20;4;"2015-12-01 11:30:00"
1;1079;5;1;"2015-12-01 11:30:00"
1;1079;8;2;"2015-12-01 11:30:00"
1;1079;13;3;"2015-12-01 11:30:00"
1;1079;24;4;"2015-12-01 11:30:00"
1;1080;5;1;"2015-12-01 11:30:00"
1;1080;9;2;"2015-12-01 11:30:00"
1;1080;11;3;"2015-12-01 11:30:00"
1;1080;17;4;"2015-12-01 11:30:00"
1;1081;3;1;"2015-12-01 11:30:00"
1;1081;9;2;"2015-12-01 11:30:00"
1;1081;11;3;"2015-12-01 11:30:00"
1;1081;22;4;"2015-12-01 11:30:00"
1;1082;3;1;"2015-12-01 11:30:00"
1;1082;9;2;"2015-12-01 11:30:00"
1;1082;13;3;"2015-12-01 11:30:00"
1;1082;20;4;"2015-12-01 11:30:00"
1;1083;4;1;"2015-12-01 11:30:00"
1;1083;8;2;"2015-12-01 11:30:00"
1;1083;13;3;"2015-12-01 11:30:00"
1;1083;21;4;"2015-12-01 11:30:00"
1;1084;6;1;"2015-12-01 11:30:00"
1;1084;9;2;"2015-12-01 11:30:00"
1;1084;10;3;"2015-12-01 11:30:00"
1;1084;22;4;"2015-12-01 11:30:00"
1;1085;6;1;"2015-12-01 11:30:00"
1;1085;9;2;"2015-12-01 11:30:00"
1;1085;11;3;"2015-12-01 11:30:00"
1;1085;17;4;"2015-12-01 11:30:00"
1;1086;3;1;"2015-12-01 11:30:00"
1;1086;9;2;"2015-12-01 11:30:00"
1;1086;14;3;"2015-12-01 11:30:00"
1;1086;18;4;"2015-12-01 11:30:00"
1;1087;7;1;"2015-12-01 11:30:00"
1;1087;9;2;"2015-12-01 11:30:00"
1;1087;10;3;"2015-12-01 11:30:00"
1;1087;20;4;"2015-12-01 11:30:00"
1;1088;4;1;"2015-12-01 11:30:00"
1;1088;9;2;"2015-12-01 11:30:00"
1;1088;14;3;"2015-12-01 11:30:00"
1;1088;21;4;"2015-12-01 11:30:00"
1;1089;1;1;"2015-12-01 11:30:00"
1;1089;8;2;"2015-12-01 11:30:00"
1;1089;12;3;"2015-12-01 11:30:00"
1;1089;16;4;"2015-12-01 11:30:00"
1;1090;1;1;"2015-12-01 11:30:00"
1;1090;9;2;"2015-12-01 11:30:00"
1;1090;13;3;"2015-12-01 11:30:00"
1;1090;22;4;"2015-12-01 11:30:00"
1;1091;5;1;"2015-12-01 11:30:00"
1;1091;8;2;"2015-12-01 11:30:00"
1;1091;12;3;"2015-12-01 11:30:00"
1;1091;16;4;"2015-12-01 11:30:00"
1;1092;3;1;"2015-12-01 11:30:00"
1;1092;9;2;"2015-12-01 11:30:00"
1;1092;12;3;"2015-12-01 11:30:00"
1;1092;23;4;"2015-12-01 11:30:00"
1;1093;2;1;"2015-12-01 11:30:00"
1;1093;9;2;"2015-12-01 11:30:00"
1;1093;11;3;"2015-12-01 11:30:00"
1;1093;17;4;"2015-12-01 11:30:00"
1;1094;4;1;"2015-12-01 11:30:00"
1;1094;8;2;"2015-12-01 11:30:00"
1;1094;13;3;"2015-12-01 11:30:00"
1;1094;24;4;"2015-12-01 11:30:00"
1;1095;5;1;"2015-12-01 11:30:00"
1;1095;9;2;"2015-12-01 11:30:00"
1;1095;14;3;"2015-12-01 11:30:00"
1;1095;17;4;"2015-12-01 11:30:00"
1;1096;1;1;"2015-12-01 11:30:00"
1;1096;9;2;"2015-12-01 11:30:00"
1;1096;13;3;"2015-12-01 11:30:00"
1;1096;18;4;"2015-12-01 11:30:00"
1;1097;5;1;"2015-12-01 11:30:00"
1;1097;8;2;"2015-12-01 11:30:00"
1;1097;14;3;"2015-12-01 11:30:00"
1;1097;19;4;"2015-12-01 11:30:00"
1;1098;7;1;"2015-12-01 11:30:00"
1;1098;8;2;"2015-12-01 11:30:00"
1;1098;15;3;"2015-12-01 11:30:00"
1;1098;23;4;"2015-12-01 11:30:00"
1;1099;5;1;"2015-12-01 11:30:00"
1;1099;8;2;"2015-12-01 11:30:00"
1;1099;14;3;"2015-12-01 11:30:00"
1;1099;17;4;"2015-12-01 11:30:00"
1;1100;4;1;"2015-12-01 11:30:00"
1;1100;9;2;"2015-12-01 11:30:00"
1;1100;15;3;"2015-12-01 11:30:00"
1;1100;23;4;"2015-12-01 11:30:00"
1;1101;7;1;"2015-12-01 11:30:00"
1;1101;8;2;"2015-12-01 11:30:00"
1;1101;14;3;"2015-12-01 11:30:00"
1;1101;20;4;"2015-12-01 11:30:00"
1;1102;2;1;"2015-12-01 11:30:00"
1;1102;8;2;"2015-12-01 11:30:00"
1;1102;12;3;"2015-12-01 11:30:00"
1;1102;20;4;"2015-12-01 11:30:00"
1;1103;6;1;"2015-12-01 11:30:00"
1;1103;27;2;"2015-12-01 11:30:00"
1;1103;33;5;"2015-12-01 11:30:00"
1;1104;1;1;"2015-12-01 11:30:00"
1;1104;26;2;"2015-12-01 11:30:00"
1;1104;31;5;"2015-12-01 11:30:00"
1;1105;6;1;"2015-12-01 11:30:00"
1;1105;28;2;"2015-12-01 11:30:00"
1;1105;30;5;"2015-12-01 11:30:00"
1;1106;3;1;"2015-12-01 11:30:00"
1;1106;26;2;"2015-12-01 11:30:00"
1;1106;34;5;"2015-12-01 11:30:00"
1;1107;3;1;"2015-12-01 11:30:00"
1;1107;28;2;"2015-12-01 11:30:00"
1;1107;31;5;"2015-12-01 11:30:00"
1;1108;6;1;"2015-12-01 11:30:00"
1;1108;27;2;"2015-12-01 11:30:00"
1;1108;29;5;"2015-12-01 11:30:00"
1;1109;1;1;"2015-12-01 11:30:00"
1;1109;27;2;"2015-12-01 11:30:00"
1;1109;30;5;"2015-12-01 11:30:00"
1;1111;5;1;"2015-12-01 11:30:00"
1;1111;28;2;"2015-12-01 11:30:00"
1;1111;35;5;"2015-12-01 11:30:00"
1;1113;1;1;"2015-12-01 11:30:00"
1;1113;27;2;"2015-12-01 11:30:00"
1;1113;32;5;"2015-12-01 11:30:00"
1;1114;1;1;"2015-12-01 11:30:00"
1;1114;27;2;"2015-12-01 11:30:00"
1;1114;29;5;"2015-12-01 11:30:00"
1;1115;6;1;"2015-12-01 11:30:00"
1;1115;27;2;"2015-12-01 11:30:00"
1;1115;33;5;"2015-12-01 11:30:00"
1;1116;1;1;"2015-12-01 11:30:00"
1;1116;27;2;"2015-12-01 11:30:00"
1;1116;32;5;"2015-12-01 11:30:00"
1;1117;4;1;"2015-12-01 11:30:00"
1;1117;26;2;"2015-12-01 11:30:00"
1;1117;33;5;"2015-12-01 11:30:00"
1;1118;4;1;"2015-12-01 11:30:00"
1;1118;27;2;"2015-12-01 11:30:00"
1;1118;30;5;"2015-12-01 11:30:00"
1;1119;6;1;"2015-12-01 11:30:00"
1;1119;28;2;"2015-12-01 11:30:00"
1;1119;31;5;"2015-12-01 11:30:00"
1;1120;7;1;"2015-12-01 11:30:00"
1;1120;26;2;"2015-12-01 11:30:00"
1;1120;33;5;"2015-12-01 11:30:00"
1;1121;2;1;"2015-12-01 11:30:00"
1;1121;27;2;"2015-12-01 11:30:00"
1;1121;35;5;"2015-12-01 11:30:00"
1;1122;5;1;"2015-12-01 11:30:00"
1;1122;27;2;"2015-12-01 11:30:00"
1;1122;33;5;"2015-12-01 11:30:00"
1;1123;1;1;"2015-12-01 11:30:00"
1;1123;28;2;"2015-12-01 11:30:00"
1;1123;35;5;"2015-12-01 11:30:00"
1;1124;5;1;"2015-12-01 11:30:00"
1;1124;26;2;"2015-12-01 11:30:00"
1;1124;29;5;"2015-12-01 11:30:00"
1;1125;2;1;"2015-12-01 11:30:00"
1;1125;26;2;"2015-12-01 11:30:00"
1;1125;32;5;"2015-12-01 11:30:00"
1;1126;5;1;"2015-12-01 11:30:00"
1;1126;26;2;"2015-12-01 11:30:00"
1;1126;35;5;"2015-12-01 11:30:00"
1;1127;6;1;"2015-12-01 11:30:00"
1;1127;26;2;"2015-12-01 11:30:00"
1;1127;35;5;"2015-12-01 11:30:00"
1;1128;2;1;"2015-12-01 11:30:00"
1;1128;27;2;"2015-12-01 11:30:00"
1;1128;34;5;"2015-12-01 11:30:00"
1;1129;2;1;"2015-12-01 11:30:00"
1;1129;28;2;"2015-12-01 11:30:00"
1;1129;31;5;"2015-12-01 11:30:00"
1;1130;3;1;"2015-12-01 11:30:00"
1;1130;28;2;"2015-12-01 11:30:00"
1;1130;33;5;"2015-12-01 11:30:00"
1;1131;4;1;"2015-12-01 11:30:00"
1;1131;28;2;"2015-12-01 11:30:00"
1;1131;31;5;"2015-12-01 11:30:00"
1;1132;5;1;"2015-12-01 11:30:00"
1;1132;27;2;"2015-12-01 11:30:00"
1;1132;31;5;"2015-12-01 11:30:00"
1;1133;7;1;"2015-12-01 11:30:00"
1;1133;27;2;"2015-12-01 11:30:00"
1;1133;35;5;"2015-12-01 11:30:00"
1;1134;7;1;"2015-12-01 11:30:00"
1;1134;26;2;"2015-12-01 11:30:00"
1;1134;31;5;"2015-12-01 11:30:00"
1;1135;1;1;"2015-12-01 11:30:00"
1;1135;27;2;"2015-12-01 11:30:00"
1;1135;35;5;"2015-12-01 11:30:00"
1;1136;5;1;"2015-12-01 11:30:00"
1;1136;26;2;"2015-12-01 11:30:00"
1;1136;30;5;"2015-12-01 11:30:00"
1;1137;4;1;"2015-12-01 11:30:00"
1;1137;26;2;"2015-12-01 11:30:00"
1;1137;31;5;"2015-12-01 11:30:00"
1;1138;6;1;"2015-12-01 11:30:00"
1;1138;27;2;"2015-12-01 11:30:00"
1;1138;33;5;"2015-12-01 11:30:00"
1;1139;1;1;"2015-12-01 11:30:00"
1;1139;27;2;"2015-12-01 11:30:00"
1;1139;35;5;"2015-12-01 11:30:00"
1;1140;5;1;"2015-12-01 11:30:00"
1;1140;27;2;"2015-12-01 11:30:00"
1;1140;33;5;"2015-12-01 11:30:00"
1;1141;5;1;"2015-12-01 11:30:00"
1;1141;28;2;"2015-12-01 11:30:00"
1;1141;29;5;"2015-12-01 11:30:00"
1;1142;6;1;"2015-12-01 11:30:00"
1;1142;26;2;"2015-12-01 11:30:00"
1;1142;34;5;"2015-12-01 11:30:00"
1;1143;5;1;"2015-12-01 11:30:00"
1;1143;27;2;"2015-12-01 11:30:00"
1;1143;31;5;"2015-12-01 11:30:00"
1;1144;1;1;"2015-12-01 11:30:00"
1;1144;26;2;"2015-12-01 11:30:00"
1;1144;30;5;"2015-12-01 11:30:00"
1;1145;2;1;"2015-12-01 11:30:00"
1;1145;27;2;"2015-12-01 11:30:00"
1;1145;31;5;"2015-12-01 11:30:00"
1;1146;5;1;"2015-12-01 11:30:00"
1;1146;28;2;"2015-12-01 11:30:00"
1;1146;32;5;"2015-12-01 11:30:00"
1;1147;4;1;"2015-12-01 11:30:00"
1;1147;27;2;"2015-12-01 11:30:00"
1;1147;33;5;"2015-12-01 11:30:00"
1;1149;7;1;"2015-12-01 11:30:00"
1;1149;26;2;"2015-12-01 11:30:00"
1;1149;30;5;"2015-12-01 11:30:00"
1;1150;1;1;"2015-12-01 11:30:00"
1;1150;27;2;"2015-12-01 11:30:00"
1;1150;34;5;"2015-12-01 11:30:00"
1;1151;2;1;"2015-12-01 11:30:00"
1;1151;37;2;"2015-12-01 11:30:00"
1;1151;38;5;"2015-12-01 11:30:00"
1;1152;5;1;"2015-12-01 11:30:00"
1;1152;36;2;"2015-12-01 11:30:00"
1;1152;41;5;"2015-12-01 11:30:00"
1;1153;6;1;"2015-12-01 11:30:00"
1;1153;36;2;"2015-12-01 11:30:00"
1;1153;39;5;"2015-12-01 11:30:00"
1;1154;1;1;"2015-12-01 11:30:00"
1;1154;37;2;"2015-12-01 11:30:00"
1;1154;40;5;"2015-12-01 11:30:00"
1;1155;4;1;"2015-12-01 11:30:00"
1;1155;37;2;"2015-12-01 11:30:00"
1;1155;40;5;"2015-12-01 11:30:00"
1;1156;1;1;"2015-12-01 11:30:00"
1;1156;37;2;"2015-12-01 11:30:00"
1;1156;41;5;"2015-12-01 11:30:00"
1;1157;5;1;"2015-12-01 11:30:00"
1;1157;37;2;"2015-12-01 11:30:00"
1;1157;40;5;"2015-12-01 11:30:00"
1;1159;1;1;"2015-12-01 11:30:00"
1;1159;36;2;"2015-12-01 11:30:00"
1;1159;40;5;"2015-12-01 11:30:00"
1;1160;6;1;"2015-12-01 11:30:00"
1;1160;37;2;"2015-12-01 11:30:00"
1;1160;39;5;"2015-12-01 11:30:00"
1;1161;7;1;"2015-12-01 11:30:00"
1;1161;37;2;"2015-12-01 11:30:00"
1;1161;40;5;"2015-12-01 11:30:00"
1;1162;4;1;"2015-12-01 11:30:00"
1;1162;37;2;"2015-12-01 11:30:00"
1;1162;39;5;"2015-12-01 11:30:00"
1;1163;1;1;"2015-12-01 11:30:00"
1;1163;36;2;"2015-12-01 11:30:00"
1;1163;41;5;"2015-12-01 11:30:00"
1;1164;1;1;"2015-12-01 11:30:00"
1;1164;37;2;"2015-12-01 11:30:00"
1;1164;40;5;"2015-12-01 11:30:00"
1;1165;5;1;"2015-12-01 11:30:00"
1;1165;37;2;"2015-12-01 11:30:00"
1;1165;40;5;"2015-12-01 11:30:00"
1;1166;6;1;"2015-12-01 11:30:00"
1;1166;36;2;"2015-12-01 11:30:00"
1;1166;39;5;"2015-12-01 11:30:00"
1;1167;1;1;"2015-12-01 11:30:00"
1;1167;36;2;"2015-12-01 11:30:00"
1;1167;40;5;"2015-12-01 11:30:00"
1;1168;7;1;"2015-12-01 11:30:00"
1;1168;37;2;"2015-12-01 11:30:00"
1;1168;40;5;"2015-12-01 11:30:00"
1;1169;6;1;"2015-12-01 11:30:00"
1;1169;36;2;"2015-12-01 11:30:00"
1;1169;39;5;"2015-12-01 11:30:00"
1;1170;1;1;"2015-12-01 11:30:00"
1;1170;37;2;"2015-12-01 11:30:00"
1;1170;39;5;"2015-12-01 11:30:00"
1;1171;1;1;"2015-12-01 11:30:00"
1;1171;36;2;"2015-12-01 11:30:00"
1;1171;41;5;"2015-12-01 11:30:00"
1;1172;1;1;"2015-12-01 11:30:00"
1;1172;36;2;"2015-12-01 11:30:00"
1;1172;38;5;"2015-12-01 11:30:00"
1;1173;6;1;"2015-12-01 11:30:00"
1;1173;37;2;"2015-12-01 11:30:00"
1;1173;42;5;"2015-12-01 11:30:00"
1;1174;7;1;"2015-12-01 11:30:00"
1;1174;36;2;"2015-12-01 11:30:00"
1;1174;40;5;"2015-12-01 11:30:00"
1;1175;1;1;"2015-12-01 11:30:00"
1;1175;37;2;"2015-12-01 11:30:00"
1;1175;39;5;"2015-12-01 11:30:00"
1;1176;3;1;"2015-12-01 11:30:00"
1;1176;36;2;"2015-12-01 11:30:00"
1;1176;42;5;"2015-12-01 11:30:00"
1;1177;1;1;"2015-12-01 11:30:00"
1;1177;36;2;"2015-12-01 11:30:00"
1;1177;38;5;"2015-12-01 11:30:00"
1;1178;1;1;"2015-12-01 11:30:00"
1;1178;37;2;"2015-12-01 11:30:00"
1;1178;40;5;"2015-12-01 11:30:00"
1;1179;1;1;"2015-12-01 11:30:00"
1;1179;37;2;"2015-12-01 11:30:00"
1;1179;40;5;"2015-12-01 11:30:00"
1;1180;2;1;"2015-12-01 11:30:00"
1;1180;9;2;"2015-12-01 11:30:00"
1;1180;13;3;"2015-12-01 11:30:00"
1;1180;20;4;"2015-12-01 11:30:00"
1;1181;3;1;"2015-12-01 11:30:00"
1;1181;45;2;"2015-12-01 11:30:00"
1;1181;48;5;"2015-12-01 11:30:00"
1;1182;5;1;"2015-12-01 11:30:00"
1;1182;45;2;"2015-12-01 11:30:00"
1;1182;54;5;"2015-12-01 11:30:00"
1;1183;5;1;"2015-12-01 11:30:00"
1;1183;45;2;"2015-12-01 11:30:00"
1;1183;50;5;"2015-12-01 11:30:00"
1;1184;6;1;"2015-12-01 11:30:00"
1;1184;44;2;"2015-12-01 11:30:00"
1;1184;48;5;"2015-12-01 11:30:00"
1;1185;5;1;"2015-12-01 11:30:00"
1;1185;45;2;"2015-12-01 11:30:00"
1;1185;47;5;"2015-12-01 11:30:00"
1;1187;1;1;"2015-12-01 11:30:00"
1;1187;45;2;"2015-12-01 11:30:00"
1;1187;51;5;"2015-12-01 11:30:00"
1;1188;7;1;"2015-12-01 11:30:00"
1;1188;45;2;"2015-12-01 11:30:00"
1;1188;49;5;"2015-12-01 11:30:00"
1;1189;6;1;"2015-12-01 11:30:00"
1;1189;45;2;"2015-12-01 11:30:00"
1;1189;48;5;"2015-12-01 11:30:00"
1;1190;6;1;"2015-12-01 11:30:00"
1;1190;45;2;"2015-12-01 11:30:00"
1;1190;48;5;"2015-12-01 11:30:00"
1;1191;6;1;"2015-12-01 11:30:00"
1;1191;44;2;"2015-12-01 11:30:00"
1;1191;51;5;"2015-12-01 11:30:00"
1;1192;4;1;"2015-12-01 11:30:00"
1;1192;45;2;"2015-12-01 11:30:00"
1;1192;48;5;"2015-12-01 11:30:00"
1;1193;1;1;"2015-12-01 11:30:00"
1;1193;45;2;"2015-12-01 11:30:00"
1;1193;49;5;"2015-12-01 11:30:00"
1;1195;4;1;"2015-12-01 11:30:00"
1;1195;45;2;"2015-12-01 11:30:00"
1;1195;53;5;"2015-12-01 11:30:00"
1;1196;1;1;"2015-12-01 11:30:00"
1;1196;44;2;"2015-12-01 11:30:00"
1;1196;54;5;"2015-12-01 11:30:00"
1;1197;2;1;"2015-12-01 11:30:00"
1;1197;45;2;"2015-12-01 11:30:00"
1;1197;51;5;"2015-12-01 11:30:00"
1;1198;2;1;"2015-12-01 11:30:00"
1;1198;44;2;"2015-12-01 11:30:00"
1;1198;46;5;"2015-12-01 11:30:00"
1;1199;1;1;"2015-12-01 11:30:00"
1;1199;44;2;"2015-12-01 11:30:00"
1;1199;52;5;"2015-12-01 11:30:00"
1;1200;3;1;"2015-12-01 11:30:00"
1;1200;45;2;"2015-12-01 11:30:00"
1;1200;47;5;"2015-12-01 11:30:00"
1;1201;7;1;"2015-12-01 11:30:00"
1;1201;44;2;"2015-12-01 11:30:00"
1;1201;48;5;"2015-12-01 11:30:00"
1;1202;4;1;"2015-12-01 11:30:00"
1;1202;45;2;"2015-12-01 11:30:00"
1;1202;49;5;"2015-12-01 11:30:00"
1;1203;4;1;"2015-12-01 11:30:00"
1;1203;45;2;"2015-12-01 11:30:00"
1;1203;48;5;"2015-12-01 11:30:00"
1;1204;1;1;"2015-12-01 11:30:00"
1;1204;44;2;"2015-12-01 11:30:00"
1;1204;51;5;"2015-12-01 11:30:00"
1;1205;1;1;"2015-12-01 11:30:00"
1;1205;45;2;"2015-12-01 11:30:00"
1;1205;47;5;"2015-12-01 11:30:00"
1;1206;7;1;"2015-12-01 11:30:00"
1;1206;44;2;"2015-12-01 11:30:00"
1;1206;56;5;"2015-12-01 11:30:00"
1;1207;1;1;"2015-12-01 11:30:00"
1;1207;45;2;"2015-12-01 11:30:00"
1;1207;55;5;"2015-12-01 11:30:00"
1;1208;4;1;"2015-12-01 11:30:00"
1;1208;44;2;"2015-12-01 11:30:00"
1;1208;52;5;"2015-12-01 11:30:00"
1;1209;1;1;"2015-12-01 11:30:00"
1;1209;45;2;"2015-12-01 11:30:00"
1;1209;48;5;"2015-12-01 11:30:00"
1;1210;7;1;"2015-12-01 11:30:00"
1;1210;44;2;"2015-12-01 11:30:00"
1;1210;55;5;"2015-12-01 11:30:00"
1;1211;6;1;"2015-12-01 11:30:00"
1;1211;45;2;"2015-12-01 11:30:00"
1;1211;49;5;"2015-12-01 11:30:00"
1;1212;6;1;"2015-12-01 11:30:00"
1;1212;45;2;"2015-12-01 11:30:00"
1;1212;51;5;"2015-12-01 11:30:00"
1;1213;2;1;"2015-12-01 11:30:00"
1;1213;44;2;"2015-12-01 11:30:00"
1;1213;48;5;"2015-12-01 11:30:00"
1;1214;5;1;"2015-12-01 11:30:00"
1;1214;45;2;"2015-12-01 11:30:00"
1;1214;49;5;"2015-12-01 11:30:00"
1;1215;1;1;"2015-12-01 11:30:00"
1;1215;44;2;"2015-12-01 11:30:00"
1;1215;50;5;"2015-12-01 11:30:00"
1;1216;4;1;"2015-12-01 11:30:00"
1;1216;45;2;"2015-12-01 11:30:00"
1;1216;51;5;"2015-12-01 11:30:00"
1;1217;3;1;"2015-12-01 11:30:00"
1;1217;45;2;"2015-12-01 11:30:00"
1;1217;47;5;"2015-12-01 11:30:00"
1;1218;4;1;"2015-12-01 11:30:00"
1;1218;45;2;"2015-12-01 11:30:00"
1;1218;53;5;"2015-12-01 11:30:00"
1;1219;1;1;"2015-12-01 11:30:00"
1;1219;44;2;"2015-12-01 11:30:00"
1;1219;47;5;"2015-12-01 11:30:00"
1;1221;2;1;"2015-12-01 11:30:00"
1;1221;45;2;"2015-12-01 11:30:00"
1;1221;48;5;"2015-12-01 11:30:00"
1;1222;4;1;"2015-12-01 11:30:00"
1;1222;45;2;"2015-12-01 11:30:00"
1;1222;48;5;"2015-12-01 11:30:00"
1;1223;4;1;"2015-12-01 11:30:00"
1;1223;45;2;"2015-12-01 11:30:00"
1;1223;52;5;"2015-12-01 11:30:00"
1;1224;1;1;"2015-12-01 11:30:00"
1;1224;45;2;"2015-12-01 11:30:00"
1;1224;49;5;"2015-12-01 11:30:00"
1;1225;6;1;"2015-12-01 11:30:00"
1;1225;45;2;"2015-12-01 11:30:00"
1;1225;51;5;"2015-12-01 11:30:00"
1;1226;5;1;"2015-12-01 11:30:00"
1;1226;58;2;"2015-12-01 11:30:00"
1;1226;62;5;"2015-12-01 11:30:00"
1;1227;1;1;"2015-12-01 11:30:00"
1;1227;58;2;"2015-12-01 11:30:00"
1;1227;64;5;"2015-12-01 11:30:00"
1;1228;7;1;"2015-12-01 11:30:00"
1;1228;57;2;"2015-12-01 11:30:00"
1;1228;60;5;"2015-12-01 11:30:00"
1;1229;1;1;"2015-12-01 11:30:00"
1;1229;58;2;"2015-12-01 11:30:00"
1;1229;63;5;"2015-12-01 11:30:00"
1;1230;3;1;"2015-12-01 11:30:00"
1;1230;57;2;"2015-12-01 11:30:00"
1;1230;63;5;"2015-12-01 11:30:00"
1;1231;1;1;"2015-12-01 11:30:00"
1;1231;58;2;"2015-12-01 11:30:00"
1;1231;61;5;"2015-12-01 11:30:00"
1;1232;2;1;"2015-12-01 11:30:00"
1;1232;58;2;"2015-12-01 11:30:00"
1;1232;62;5;"2015-12-01 11:30:00"
1;1233;5;1;"2015-12-01 11:30:00"
1;1233;58;2;"2015-12-01 11:30:00"
1;1233;60;5;"2015-12-01 11:30:00"
1;1234;4;1;"2015-12-01 11:30:00"
1;1234;58;2;"2015-12-01 11:30:00"
1;1234;64;5;"2015-12-01 11:30:00"
1;1235;4;1;"2015-12-01 11:30:00"
1;1235;58;2;"2015-12-01 11:30:00"
1;1235;63;5;"2015-12-01 11:30:00"
1;1236;6;1;"2015-12-01 11:30:00"
1;1236;57;2;"2015-12-01 11:30:00"
1;1236;64;5;"2015-12-01 11:30:00"
1;1237;7;1;"2015-12-01 11:30:00"
1;1237;58;2;"2015-12-01 11:30:00"
1;1237;59;5;"2015-12-01 11:30:00"
1;1238;6;1;"2015-12-01 11:30:00"
1;1238;57;2;"2015-12-01 11:30:00"
1;1238;62;5;"2015-12-01 11:30:00"
1;1239;3;1;"2015-12-01 11:30:00"
1;1239;58;2;"2015-12-01 11:30:00"
1;1239;60;5;"2015-12-01 11:30:00"
1;1240;1;1;"2015-12-01 11:30:00"
1;1240;58;2;"2015-12-01 11:30:00"
1;1240;62;5;"2015-12-01 11:30:00"
1;1241;2;1;"2015-12-01 11:30:00"
1;1241;57;2;"2015-12-01 11:30:00"
1;1241;60;5;"2015-12-01 11:30:00"
1;1242;2;1;"2015-12-01 11:30:00"
1;1242;58;2;"2015-12-01 11:30:00"
1;1242;65;5;"2015-12-01 11:30:00"
1;1243;3;1;"2015-12-01 11:30:00"
1;1243;58;2;"2015-12-01 11:30:00"
1;1243;64;5;"2015-12-01 11:30:00"
1;1244;3;1;"2015-12-01 11:30:00"
1;1244;58;2;"2015-12-01 11:30:00"
1;1244;63;5;"2015-12-01 11:30:00"
1;1245;7;1;"2015-12-01 11:30:00"
1;1245;58;2;"2015-12-01 11:30:00"
1;1245;63;5;"2015-12-01 11:30:00"
1;1246;2;1;"2015-12-01 11:30:00"
1;1246;58;2;"2015-12-01 11:30:00"
1;1246;62;5;"2015-12-01 11:30:00"
1;1247;7;1;"2015-12-01 11:30:00"
1;1247;57;2;"2015-12-01 11:30:00"
1;1247;66;5;"2015-12-01 11:30:00"
1;1248;7;1;"2015-12-01 11:30:00"
1;1248;58;2;"2015-12-01 11:30:00"
1;1248;63;5;"2015-12-01 11:30:00"
1;1249;1;1;"2015-12-01 11:30:00"
1;1249;58;2;"2015-12-01 11:30:00"
1;1249;60;5;"2015-12-01 11:30:00"
1;1250;7;1;"2015-12-01 11:30:00"
1;1250;58;2;"2015-12-01 11:30:00"
1;1250;64;5;"2015-12-01 11:30:00"
1;1251;6;1;"2015-12-01 11:30:00"
1;1251;58;2;"2015-12-01 11:30:00"
1;1251;63;5;"2015-12-01 11:30:00"
1;1252;2;1;"2015-12-01 11:30:00"
1;1252;58;2;"2015-12-01 11:30:00"
1;1252;60;5;"2015-12-01 11:30:00"
1;1253;6;1;"2015-12-01 11:30:00"
1;1253;58;2;"2015-12-01 11:30:00"
1;1253;62;5;"2015-12-01 11:30:00"
1;1254;7;1;"2015-12-01 11:30:00"
1;1254;58;2;"2015-12-01 11:30:00"
1;1254;59;5;"2015-12-01 11:30:00"
1;1255;2;1;"2015-12-01 11:30:00"
1;1255;58;2;"2015-12-01 11:30:00"
1;1255;62;5;"2015-12-01 11:30:00"
1;1256;1;1;"2015-12-01 11:30:00"
1;1256;58;2;"2015-12-01 11:30:00"
1;1256;61;5;"2015-12-01 11:30:00"
1;1257;7;1;"2015-12-01 11:30:00"
1;1257;58;2;"2015-12-01 11:30:00"
1;1257;62;5;"2015-12-01 11:30:00"
1;1258;2;1;"2015-12-01 11:30:00"
1;1258;58;2;"2015-12-01 11:30:00"
1;1258;61;5;"2015-12-01 11:30:00"
1;1259;2;1;"2015-12-01 11:30:00"
1;1259;57;2;"2015-12-01 11:30:00"
1;1259;60;5;"2015-12-01 11:30:00"
1;1261;6;1;"2015-12-01 11:30:00"
1;1261;58;2;"2015-12-01 11:30:00"
1;1261;63;5;"2015-12-01 11:30:00"
1;1262;5;1;"2015-12-01 11:30:00"
1;1262;58;2;"2015-12-01 11:30:00"
1;1262;62;5;"2015-12-01 11:30:00"
1;1263;6;1;"2015-12-01 11:30:00"
1;1263;58;2;"2015-12-01 11:30:00"
1;1263;63;5;"2015-12-01 11:30:00"
1;1264;3;1;"2015-12-01 11:30:00"
1;1264;58;2;"2015-12-01 11:30:00"
1;1264;63;5;"2015-12-01 11:30:00"
1;1265;5;1;"2015-12-01 11:30:00"
1;1265;57;2;"2015-12-01 11:30:00"
1;1265;65;5;"2015-12-01 11:30:00"
1;1266;7;1;"2015-12-01 11:30:00"
1;1266;58;2;"2015-12-01 11:30:00"
1;1266;64;5;"2015-12-01 11:30:00"
1;1267;2;1;"2015-12-01 11:30:00"
1;1267;57;2;"2015-12-01 11:30:00"
1;1267;64;5;"2015-12-01 11:30:00"
1;1268;5;1;"2015-12-01 11:30:00"
1;1268;57;2;"2015-12-01 11:30:00"
1;1268;63;5;"2015-12-01 11:30:00"
1;1269;1;1;"2015-12-01 11:30:00"
1;1269;58;2;"2015-12-01 11:30:00"
1;1269;65;5;"2015-12-01 11:30:00"
1;1270;4;1;"2015-12-01 11:30:00"
1;1270;57;2;"2015-12-01 11:30:00"
1;1270;64;5;"2015-12-01 11:30:00"
1;1271;1;1;"2015-12-01 11:30:00"
1;1271;58;2;"2015-12-01 11:30:00"
1;1271;62;5;"2015-12-01 11:30:00"
1;1272;4;1;"2015-12-01 11:30:00"
1;1272;57;2;"2015-12-01 11:30:00"
1;1272;64;5;"2015-12-01 11:30:00"
1;1273;4;1;"2015-12-01 11:30:00"
1;1273;57;2;"2015-12-01 11:30:00"
1;1273;64;5;"2015-12-01 11:30:00"
1;1274;2;1;"2015-12-01 11:30:00"
1;1274;58;2;"2015-12-01 11:30:00"
1;1274;61;5;"2015-12-01 11:30:00"
1;1275;1;1;"2015-12-01 11:30:00"
1;1275;57;2;"2015-12-01 11:30:00"
1;1275;62;5;"2015-12-01 11:30:00"
1;1276;2;1;"2015-12-01 11:30:00"
1;1277;2;1;"2015-12-01 11:30:00"
1;1278;5;1;"2015-12-01 11:30:00"
1;1279;4;1;"2015-12-01 11:30:00"
1;1280;1;1;"2015-12-01 11:30:00"
1;1281;1;1;"2015-12-01 11:30:00"
1;1281;8;2;"2015-12-01 11:30:00"
1;1281;11;3;"2015-12-01 11:30:00"
1;1281;21;4;"2015-12-01 11:30:00"
1;1282;1;1;"2015-12-01 11:30:00"
1;1282;9;2;"2015-12-01 11:30:00"
1;1282;15;3;"2015-12-01 11:30:00"
1;1282;25;4;"2015-12-01 11:30:00"
1;1284;4;1;"2015-12-01 11:30:00"
1;1284;9;2;"2015-12-01 11:30:00"
1;1284;13;3;"2015-12-01 11:30:00"
1;1284;18;4;"2015-12-01 11:30:00"
1;1285;2;1;"2015-12-01 11:30:00"
1;1285;8;2;"2015-12-01 11:30:00"
1;1285;14;3;"2015-12-01 11:30:00"
1;1285;24;4;"2015-12-01 11:30:00"
1;1286;6;1;"2015-12-01 11:30:00"
1;1286;9;2;"2015-12-01 11:30:00"
1;1286;15;3;"2015-12-01 11:30:00"
1;1286;19;4;"2015-12-01 11:30:00"
1;1287;5;1;"2015-12-01 11:30:00"
1;1287;8;2;"2015-12-01 11:30:00"
1;1287;14;3;"2015-12-01 11:30:00"
1;1287;19;4;"2015-12-01 11:30:00"
1;1288;3;1;"2015-12-01 11:30:00"
1;1288;8;2;"2015-12-01 11:30:00"
1;1288;15;3;"2015-12-01 11:30:00"
1;1288;18;4;"2015-12-01 11:30:00"
1;1289;7;1;"2015-12-01 11:30:00"
1;1289;8;2;"2015-12-01 11:30:00"
1;1289;12;3;"2015-12-01 11:30:00"
1;1289;24;4;"2015-12-01 11:30:00"
1;1290;7;1;"2015-12-01 11:30:00"
1;1290;9;2;"2015-12-01 11:30:00"
1;1290;12;3;"2015-12-01 11:30:00"
1;1290;25;4;"2015-12-01 11:30:00"
1;1291;6;1;"2015-12-01 11:30:00"
1;1291;9;2;"2015-12-01 11:30:00"
1;1291;12;3;"2015-12-01 11:30:00"
1;1291;25;4;"2015-12-01 11:30:00"
1;1292;1;1;"2015-12-01 11:30:00"
1;1292;68;2;"2015-12-01 11:30:00"
1;1292;73;6;"2015-12-01 11:30:00"
1;1293;4;1;"2015-12-01 11:30:00"
1;1293;68;2;"2015-12-01 11:30:00"
1;1293;71;6;"2015-12-01 11:30:00"
1;1294;5;1;"2015-12-01 11:30:00"
1;1294;67;2;"2015-12-01 11:30:00"
1;1294;72;6;"2015-12-01 11:30:00"
1;1295;6;1;"2015-12-01 11:30:00"
1;1295;67;2;"2015-12-01 11:30:00"
1;1295;72;6;"2015-12-01 11:30:00"
1;1296;7;1;"2015-12-01 11:30:00"
1;1296;67;2;"2015-12-01 11:30:00"
1;1296;74;6;"2015-12-01 11:30:00"
1;1297;3;1;"2015-12-01 11:30:00"
1;1297;68;2;"2015-12-01 11:30:00"
1;1297;72;6;"2015-12-01 11:30:00"
1;1298;6;1;"2015-12-01 11:30:00"
1;1298;67;2;"2015-12-01 11:30:00"
1;1298;72;6;"2015-12-01 11:30:00"
1;1299;5;1;"2015-12-01 11:30:00"
1;1299;67;2;"2015-12-01 11:30:00"
1;1299;71;6;"2015-12-01 11:30:00"
1;1301;4;1;"2015-12-01 10:30:00"
1;1301;68;2;"2015-12-01 10:30:00"
1;1301;69;6;"2015-12-01 10:30:00"
1;1302;6;1;"2015-12-01 12:30:00"
1;1302;68;2;"2015-12-01 12:30:00"
1;1302;73;6;"2015-12-01 12:30:00"
1;1303;7;1;"2015-12-01 12:30:00"
1;1303;68;2;"2015-12-01 12:30:00"
1;1303;74;6;"2015-12-01 12:30:00"
1;1304;4;1;"2015-12-01 12:30:00"
1;1304;68;2;"2015-12-01 12:30:00"
1;1304;73;6;"2015-12-01 12:30:00"
1;1305;1;1;"2015-12-01 12:30:00"
1;1305;68;2;"2015-12-01 12:30:00"
1;1305;73;6;"2015-12-01 12:30:00"
1;1306;1;1;"2015-12-01 12:30:00"
1;1306;68;2;"2015-12-01 12:30:00"
1;1306;74;6;"2015-12-01 12:30:00"
1;1307;6;1;"2015-12-01 12:30:00"
1;1307;68;2;"2015-12-01 12:30:00"
1;1307;70;6;"2015-12-01 12:30:00"
1;1308;7;1;"2015-12-01 12:30:00"
1;1308;68;2;"2015-12-01 12:30:00"
1;1308;73;6;"2015-12-01 12:30:00"
1;1309;2;1;"2015-12-01 12:30:00"
1;1309;68;2;"2015-12-01 12:30:00"
1;1309;70;6;"2015-12-01 12:30:00"
1;1310;4;1;"2015-12-01 12:30:00"
1;1310;68;2;"2015-12-01 12:30:00"
1;1310;69;6;"2015-12-01 12:30:00"
